Word Frequencies,Absolute Frequency,Relative Frequency
resin,400,0.013518080432578574
necklace,400,0.013518080432578574
length,352,0.011895910780669145
ring,350,0.011828320378506252
silver,332,0.011220006759040215
materials,300,0.01013856032443393
handmade,288,0.009733017911456573
chain,284,0.009597837107130787
gift,258,0.00871916187901318
please,248,0.008381209868198717
style,248,0.008381209868198717
gold,229,0.007739101047651234
size,223,0.007536329841162555
pendant,221,0.007468739438999662
made,218,0.007367353835755323
unique,214,0.007232173031429537
item,197,0.006657654613044948
jewelry,187,0.006319702602230483
0,183,0.006184521797904697
shipping,166,0.005610003379520108
plated,156,0.005272051368705644
wood,149,0.005035484961135519
1,147,0.004967894558972626
cm,147,0.004967894558972626
small,137,0.004629942548158162
earrings,135,0.004562352145995268
centimeters,131,0.004427171341669483
order,130,0.004393376140588037
adjustable,129,0.00435958093950659
color,129,0.00435958093950659
piece,115,0.00388644812436634
always,113,0.003818857722203447
also,112,0.0037850625211220006
beautiful,109,0.0036836769178776613
glass,108,0.003649881716796215
description,108,0.003649881716796215
brass,108,0.003649881716796215
mm,106,0.003582291314633322
closure,104,0.003514700912470429
options,104,0.003514700912470429
drop,103,0.0034809057113889827
article,103,0.0034809057113889827
approx,101,0.0034133153092260897
real,99,0.003345724907063197
make,98,0.0033119297059817504
may,97,0.003278134504900304
eye,96,0.003244339303818858
yes,95,0.003210544102737411
light,88,0.002973977695167286
2,88,0.002973977695167286
width,86,0.002906387293004393
green,85,0.002872592091922947
catcher,84,0.0028387968908415006
white,83,0.002805001689760054
desired,83,0.002805001689760054
menu,83,0.002805001689760054
personalized,81,0.0027374112875971613
copper,80,0.0027036160865157146
purchase,79,0.0026698208854342683
height,78,0.002636025684352822
find,78,0.002636025684352822
3,77,0.0026022304832713753
5,76,0.002568435282189929
x,76,0.002568435282189929
information,75,0.0025346400811084827
bracelet,75,0.0025346400811084827
grind,74,0.002500844880027036
new,73,0.0024670496789455897
type,72,0.0024332544778641434
nature,72,0.0024332544778641434
individualization,71,0.0023994592767826966
wire,70,0.0023656640757012504
loved,70,0.0023656640757012504
due,69,0.002331868874619804
blue,68,0.0022980736735383578
eu,68,0.0022980736735383578
beads,68,0.0022980736735383578
addition,68,0.0022980736735383578
art,67,0.002264278472456911
plastic,67,0.002264278472456911
comes,66,0.0022304832713754648
customs,65,0.0021966880702940185
hippie,65,0.0021966880702940185
boho,65,0.0021966880702940185
shop,65,0.0021966880702940185
import,65,0.0021966880702940185
taxes,65,0.0021966880702940185
ones,65,0.0021966880702940185
price,65,0.0021966880702940185
duties,64,0.0021628928692125717
happy,64,0.0021628928692125717
sterling,61,0.0020615072659682324
diameter,61,0.0020615072659682324
deliveries,61,0.0020615072659682324
weeks,61,0.0020615072659682324
free,60,0.002027712064886786
pretty,60,0.002027712064886786
millimeters,60,0.002027712064886786
wear,59,0.00199391686380534
produced,59,0.00199391686380534
section,59,0.00199391686380534
message,59,0.00199391686380534
production,58,0.001960121662723893
love,58,0.001960121662723893
hand,58,0.001960121662723893
leather,58,0.001960121662723893
stone,57,0.0019263264616424468
choose,56,0.0018925312605610003
ideal,55,0.0018587360594795538
germany,54,0.0018249408583981075
three,53,0.001791145657316661
bubbles,52,0.0017573504562352145
shown,52,0.0017573504562352145
band,52,0.0017573504562352145
rose,51,0.0017235552551537682
spoon,51,0.0017235552551537682
flower,51,0.0017235552551537682
quality,51,0.0017235552551537682
anywhere,51,0.0017235552551537682
process,50,0.0016897600540723217
high,50,0.0016897600540723217
clip,50,0.0016897600540723217
black,50,0.0016897600540723217
use,49,0.0016559648529908752
matching,49,0.0016559648529908752
19,49,0.0016559648529908752
used,49,0.0016559648529908752
manufacturing,48,0.001622169651909429
60,47,0.0015883744508279824
wooden,47,0.0015883744508279824
open,46,0.001554579249746536
slightly,46,0.001554579249746536
else,46,0.001554579249746536
flowers,46,0.001554579249746536
time,45,0.0015207840486650896
weight,45,0.0015207840486650896
home,45,0.0015207840486650896
option,44,0.001486988847583643
christmas,44,0.001486988847583643
bottom,44,0.001486988847583643
red,44,0.001486988847583643
favorite,44,0.001486988847583643
4,43,0.0014531936465021966
suitable,43,0.0014531936465021966
select,43,0.0014531936465021966
right,43,0.0014531936465021966
packed,43,0.0014531936465021966
recipient,43,0.0014531936465021966
cart,42,0.0014193984454207503
depth,42,0.0014193984454207503
place,42,0.0014193984454207503
shopping,42,0.0014193984454207503
value,41,0.0013856032443393038
bronze,41,0.0013856032443393038
cutlery,41,0.0013856032443393038
ear,41,0.0013856032443393038
wonderful,41,0.0013856032443393038
vat,40,0.0013518080432578573
etsy,40,0.0013518080432578573
special,40,0.0013518080432578573
invoice,40,0.0013518080432578573
one,40,0.0013518080432578573
gemstone,40,0.0013518080432578573
accordance,40,0.0013518080432578573
status,40,0.0013518080432578573
business,40,0.0013518080432578573
ship,40,0.0013518080432578573
925,40,0.0013518080432578573
epoxy,40,0.0013518080432578573
www,40,0.0013518080432578573
ustg,40,0.0013518080432578573
trailer,39,0.001318012842176411
transparent,39,0.001318012842176411
delicate,39,0.001318012842176411
com,39,0.001318012842176411
code,39,0.001318012842176411
ordering,39,0.001318012842176411
inner,39,0.001318012842176411
dimensions,39,0.001318012842176411
worldwide,38,0.0012842176410949645
discount,38,0.0012842176410949645
goods,38,0.0012842176410949645
charge,38,0.0012842176410949645
recommend,37,0.001250422440013518
ship4free,37,0.001250422440013518
utilised,37,0.001250422440013518
wet,37,0.001250422440013518
method,37,0.001250422440013518
round,37,0.001250422440013518
bangle,37,0.001250422440013518
listing,37,0.001250422440013518
dandelion,37,0.001250422440013518
read,37,0.001250422440013518
cure,37,0.001250422440013518
like,37,0.001250422440013518
box,37,0.001250422440013518
countries,37,0.001250422440013518
colorful,37,0.001250422440013518
isabell,37,0.001250422440013518
kiefhaberhandmade,37,0.001250422440013518
covid,36,0.0012166272389320717
regarding,36,0.0012166272389320717
announcement,36,0.0012166272389320717
possible,36,0.0012166272389320717
non,36,0.0012166272389320717
hidden,36,0.0012166272389320717
banner,36,0.0012166272389320717
mounted,36,0.0012166272389320717
insured,36,0.0012166272389320717
soon,36,0.0012166272389320717
lbmaterials,36,0.0012166272389320717
many,36,0.0012166272389320717
starting,36,0.0012166272389320717
_______________________________________________________if,36,0.0012166272389320717
total,35,0.0011828320378506252
18,35,0.0011828320378506252
problem,35,0.0011828320378506252
carefully,35,0.0011828320378506252
apply,34,0.0011490368367691789
cable,34,0.0011490368367691789
de,34,0.0011490368367691789
learn,34,0.0011490368367691789
surface,33,0.0011152416356877324
steel,33,0.0011152416356877324
link,33,0.0011152416356877324
extraordinary,33,0.0011152416356877324
come,33,0.0011152416356877324
cute,33,0.0011152416356877324
great,33,0.0011152416356877324
pink,33,0.0011152416356877324
outide,33,0.0011152416356877324
pn,33,0.0011152416356877324
leaf,32,0.0010814464346062859
ball,32,0.0010814464346062859
mini,32,0.0010814464346062859
bee,32,0.0010814464346062859
stainless,32,0.0010814464346062859
present,32,0.0010814464346062859
pearls,32,0.0010814464346062859
two,32,0.0010814464346062859
findings,32,0.0010814464346062859
part,32,0.0010814464346062859
location,31,0.0010476512335248396
incurred,31,0.0010476512335248396
give,31,0.0010476512335248396
hair,31,0.0010476512335248396
glossy,31,0.0010476512335248396
occasions,31,0.0010476512335248396
bright,31,0.0010476512335248396
knot,31,0.0010476512335248396
fine,30,0.001013856032443393
perfect,30,0.001013856032443393
fluorescent,30,0.001013856032443393
little,30,0.001013856032443393
request,30,0.001013856032443393
lock,30,0.001013856032443393
yellow,30,0.001013856032443393
ask,29,0.0009800608313619466
hinged,29,0.0009800608313619466
slide,29,0.0009800608313619466
decorated,29,0.0009800608313619466
need,29,0.0009800608313619466
common,29,0.0009800608313619466
cast,29,0.0009800608313619466
care,29,0.0009800608313619466
note,29,0.0009800608313619466
include,29,0.0009800608313619466
25,28,0.0009462656302805002
beauty,28,0.0009462656302805002
02,28,0.0009462656302805002
giving,28,0.0009462656302805002
earlobe,28,0.0009462656302805002
8,28,0.0009462656302805002
someone,28,0.0009462656302805002
stylish,27,0.0009124704291990538
arrives,27,0.0009124704291990538
overflow,27,0.0009124704291990538
ready,27,0.0009124704291990538
never,27,0.0009124704291990538
kind,27,0.0009124704291990538
matt,27,0.0009124704291990538
created,27,0.0009124704291990538
turn,26,0.0008786752281176073
good,26,0.0008786752281176073
wearable,26,0.0008786752281176073
brown,26,0.0008786752281176073
dark,26,0.0008786752281176073
looking,26,0.0008786752281176073
waiting,26,0.0008786752281176073
strong,26,0.0008786752281176073
snake,26,0.0008786752281176073
strap,26,0.0008786752281176073
accessory,26,0.0008786752281176073
opal,26,0.0008786752281176073
add,26,0.0008786752281176073
moment,26,0.0008786752281176073
friends,25,0.0008448800270361609
sliding,25,0.0008448800270361609
mid,25,0.0008448800270361609
shine,25,0.0008448800270361609
century,25,0.0008448800270361609
truly,25,0.0008448800270361609
mind,25,0.0008448800270361609
specify,25,0.0008448800270361609
years,25,0.0008448800270361609
additional,25,0.0008448800270361609
blacklight,25,0.0008448800270361609
hooks,25,0.0008448800270361609
pendants,25,0.0008448800270361609
20,25,0.0008448800270361609
combined,25,0.0008448800270361609
6,24,0.0008110848259547145
showcase,24,0.0008110848259547145
alluring,24,0.0008110848259547145
dazzle,24,0.0008110848259547145
golden,24,0.0008110848259547145
trendsetting,24,0.0008110848259547145
nicely,24,0.0008110848259547145
trends,24,0.0008110848259547145
distinctive,24,0.0008110848259547145
wesenszüge,24,0.0008110848259547145
without,24,0.0008110848259547145
spellbinding,24,0.0008110848259547145
family,24,0.0008110848259547145
world,24,0.0008110848259547145
selected,23,0.000777289624873268
long,23,0.000777289624873268
opportunity,23,0.000777289624873268
best,23,0.000777289624873268
measure,23,0.000777289624873268
edition,23,0.000777289624873268
perfectly,23,0.000777289624873268
making,23,0.000777289624873268
limited,23,0.000777289624873268
colored,23,0.000777289624873268
seize,23,0.000777289624873268
olive,23,0.000777289624873268
protection,23,0.000777289624873268
charmer,22,0.0007434944237918215
finish,22,0.0007434944237918215
tree,22,0.0007434944237918215
turquoise,22,0.0007434944237918215
start,22,0.0007434944237918215
trailers,21,0.0007096992227103751
tall,21,0.0007096992227103751
back,21,0.0007096992227103751
collection,21,0.0007096992227103751
55,21,0.0007096992227103751
polishcustomisation,21,0.0007096992227103751
26mm,21,0.0007096992227103751
despite,21,0.0007096992227103751
paper,21,0.0007096992227103751
orange,21,0.0007096992227103751
moreover,21,0.0007096992227103751
13,21,0.0007096992227103751
blemish,21,0.0007096992227103751
details,21,0.0007096992227103751
items,21,0.0007096992227103751
anyone,21,0.0007096992227103751
statement,21,0.0007096992227103751
contents,20,0.0006759040216289286
extremely,20,0.0006759040216289286
flomory,20,0.0006759040216289286
42,20,0.0006759040216289286
24,20,0.0006759040216289286
idea,20,0.0006759040216289286
nouveau,20,0.0006759040216289286
simple,20,0.0006759040216289286
seller,20,0.0006759040216289286
done,20,0.0006759040216289286
straight,20,0.0006759040216289286
12,20,0.0006759040216289286
large,20,0.0006759040216289286
studs,20,0.0006759040216289286
different,20,0.0006759040216289286
inch,20,0.0006759040216289286
21,20,0.0006759040216289286
sent,19,0.0006421088205474822
14mm,19,0.0006421088205474822
95,19,0.0006421088205474822
child,19,0.0006421088205474822
modern,19,0.0006421088205474822
wider,19,0.0006421088205474822
labor,19,0.0006421088205474822
aboutwidth,19,0.0006421088205474822
minimalist,19,0.0006421088205474822
slavery,19,0.0006421088205474822
healthy,19,0.0006421088205474822
charm,19,0.0006421088205474822
90,19,0.0006421088205474822
working,19,0.0006421088205474822
conditions,19,0.0006421088205474822
deco,19,0.0006421088205474822
unlike,19,0.0006421088205474822
deserve,19,0.0006421088205474822
45,19,0.0006421088205474822
absolute,19,0.0006421088205474822
involved,19,0.0006421088205474822
24mm,19,0.0006421088205474822
responsible,19,0.0006421088205474822
contact,19,0.0006421088205474822
40,19,0.0006421088205474822
poured,19,0.0006421088205474822
trade,19,0.0006421088205474822
notes,19,0.0006421088205474822
serve,19,0.0006421088205474822
fair,19,0.0006421088205474822
10,19,0.0006421088205474822
wrapping,19,0.0006421088205474822
checkout,19,0.0006421088205474822
sourcing,19,0.0006421088205474822
cord,18,0.0006083136194660358
inspired,18,0.0006083136194660358
dried,18,0.0006083136194660358
22,18,0.0006083136194660358
heart,18,0.0006083136194660358
block,18,0.0006083136194660358
angles,18,0.0006083136194660358
bead,18,0.0006083136194660358
tiny,18,0.0006083136194660358
preserved,18,0.0006083136194660358
sweet,18,0.0006083136194660358
mit,18,0.0006083136194660358
vintage,17,0.0005745184183845894
weightthis,17,0.0005745184183845894
stones,17,0.0005745184183845894
set,17,0.0005745184183845894
30,17,0.0005745184183845894
_______________________________________________________for,17,0.0005745184183845894
accessories,17,0.0005745184183845894
moss,17,0.0005745184183845894
colors,17,0.0005745184183845894
night,16,0.0005407232173031429
https,16,0.0005407232173031429
polish,16,0.0005407232173031429
dainty,16,0.0005407232173031429
recommended,16,0.0005407232173031429
know,16,0.0005407232173031429
circumference,16,0.0005407232173031429
lovers,16,0.0005407232173031429
24k,16,0.0005407232173031429
available,16,0.0005407232173031429
flexible,16,0.0005407232173031429
card,16,0.0005407232173031429
800,16,0.0005407232173031429
tin,15,0.0005069280162216965
clasp,15,0.0005069280162216965
old,15,0.0005069280162216965
casting,15,0.0005069280162216965
stud,15,0.0005069280162216965
46,15,0.0005069280162216965
fitshttps,15,0.0005069280162216965
life,15,0.0005069280162216965
balls,15,0.0005069280162216965
metal,15,0.0005069280162216965
purple,15,0.0005069280162216965
ref,15,0.0005069280162216965
7,15,0.0005069280162216965
full,15,0.0005069280162216965
35,14,0.0004731328151402501
quartz,14,0.0004731328151402501
design,14,0.0004731328151402501
material,14,0.0004731328151402501
since,14,0.0004731328151402501
want,14,0.0004731328151402501
terrarium,14,0.0004731328151402501
glued,14,0.0004731328151402501
framed,14,0.0004731328151402501
manufacturer,14,0.0004731328151402501
oval,14,0.0004731328151402501
wish,14,0.0004731328151402501
rubber,14,0.0004731328151402501
mocha,14,0.0004731328151402501
bouquet,14,0.0004731328151402501
depending,14,0.0004731328151402501
enamel,14,0.0004731328151402501
comfort,14,0.0004731328151402501
control,14,0.0004731328151402501
cut,14,0.0004731328151402501
plant,14,0.0004731328151402501
connect,14,0.0004731328151402501
inside,14,0.0004731328151402501
matte,13,0.00043933761405880363
clover,13,0.00043933761405880363
picture,13,0.00043933761405880363
wearing,13,0.00043933761405880363
filled,13,0.00043933761405880363
positive,13,0.00043933761405880363
9,13,0.00043933761405880363
gem,13,0.00043933761405880363
43,13,0.00043933761405880363
chains,13,0.00043933761405880363
several,13,0.00043933761405880363
50,13,0.00043933761405880363
glows,13,0.00043933761405880363
15,13,0.00043933761405880363
packaged,13,0.00043933761405880363
45cm,13,0.00043933761405880363
chest,13,0.00043933761405880363
lovingly,13,0.00043933761405880363
abschwächend,12,0.00040554241297735723
unterstützend,12,0.00040554241297735723
rounded,12,0.00040554241297735723
original,12,0.00040554241297735723
11,12,0.00040554241297735723
moon,12,0.00040554241297735723
specified,12,0.00040554241297735723
layers,12,0.00040554241297735723
rail,12,0.00040554241297735723
well,12,0.00040554241297735723
57,12,0.00040554241297735723
23,12,0.00040554241297735723
sides,12,0.00040554241297735723
closed,12,0.00040554241297735723
14,12,0.00040554241297735723
28,12,0.00040554241297735723
worn,12,0.00040554241297735723
see,12,0.00040554241297735723
cabochon,11,0.0003717472118959108
sky,11,0.0003717472118959108
pewter,11,0.0003717472118959108
eco,11,0.0003717472118959108
außerdem,11,0.0003717472118959108
handle,11,0.0003717472118959108
verwendet,11,0.0003717472118959108
hier,11,0.0003717472118959108
thickness,11,0.0003717472118959108
filigree,11,0.0003717472118959108
leave,11,0.0003717472118959108
leaves,11,0.0003717472118959108
background,11,0.0003717472118959108
reply,11,0.0003717472118959108
75,11,0.0003717472118959108
silk,11,0.0003717472118959108
takes,11,0.0003717472118959108
crane,11,0.0003717472118959108
upcycled,11,0.0003717472118959108
pearl,11,0.0003717472118959108
shimmering,10,0.0003379520108144643
hydrangea,10,0.0003379520108144643
designed,10,0.0003379520108144643
origami,10,0.0003379520108144643
dry,10,0.0003379520108144643
luck,10,0.0003379520108144643
take,10,0.0003379520108144643
51,10,0.0003379520108144643
coated,10,0.0003379520108144643
_______________________________________________________the,10,0.0003379520108144643
screw,10,0.0003379520108144643
jade,10,0.0003379520108144643
fire,10,0.0003379520108144643
parts,10,0.0003379520108144643
fork,10,0.0003379520108144643
still,10,0.0003379520108144643
comfortable,10,0.0003379520108144643
fish,10,0.0003379520108144643
healing,10,0.0003379520108144643
raw,10,0.0003379520108144643
39,10,0.0003379520108144643
safely,10,0.0003379520108144643
loving,10,0.0003379520108144643
us,10,0.0003379520108144643
26,10,0.0003379520108144643
firmly,10,0.0003379520108144643
polished,10,0.0003379520108144643
beautifully,10,0.0003379520108144643
pictured,10,0.0003379520108144643
socket,10,0.0003379520108144643
ribbon,10,0.0003379520108144643
tiger,9,0.0003041568097330179
nice,9,0.0003041568097330179
attention,9,0.0003041568097330179
effect,9,0.0003041568097330179
locket,9,0.0003041568097330179
floral,9,0.0003041568097330179
label,9,0.0003041568097330179
forest,9,0.0003041568097330179
37mm,9,0.0003041568097330179
polaris,9,0.0003041568097330179
frs,9,0.0003041568097330179
ohrringe,9,0.0003041568097330179
soldered,9,0.0003041568097330179
future,9,0.0003041568097330179
hook,9,0.0003041568097330179
honey,9,0.0003041568097330179
botanical,9,0.0003041568097330179
décor,9,0.0003041568097330179
agate,9,0.0003041568097330179
wrapped,9,0.0003041568097330179
fits,9,0.0003041568097330179
16,9,0.0003041568097330179
jewellery,9,0.0003041568097330179
therefore,9,0.0003041568097330179
ocean,9,0.0003041568097330179
end,9,0.0003041568097330179
colours,9,0.0003041568097330179
via,9,0.0003041568097330179
rosegold,9,0.0003041568097330179
let,8,0.00027036160865157147
avant,8,0.00027036160865157147
spring,8,0.00027036160865157147
choice,8,0.00027036160865157147
technique,8,0.00027036160865157147
queries,8,0.00027036160865157147
folded,8,0.00027036160865157147
possibly,8,0.00027036160865157147
carabiner,8,0.00027036160865157147
put,8,0.00027036160865157147
initial,8,0.00027036160865157147
strawberry,8,0.00027036160865157147
elephant,8,0.00027036160865157147
nickel,8,0.00027036160865157147
forks,8,0.00027036160865157147
write,8,0.00027036160865157147
06,8,0.00027036160865157147
deer,8,0.00027036160865157147
zoll,8,0.00027036160865157147
beige,8,0.00027036160865157147
tea,8,0.00027036160865157147
acorn,8,0.00027036160865157147
bridal,8,0.00027036160865157147
feather,8,0.00027036160865157147
basic,8,0.00027036160865157147
purchasing,8,0.00027036160865157147
36mm,8,0.00027036160865157147
garde,8,0.00027036160865157147
messing,7,0.00023656640757012504
pressed,7,0.00023656640757012504
specifications,7,0.00023656640757012504
10mm,7,0.00023656640757012504
potion,7,0.00023656640757012504
handicraft,7,0.00023656640757012504
frame,7,0.00023656640757012504
abstract,7,0.00023656640757012504
choker,7,0.00023656640757012504
replaced,7,0.00023656640757012504
guide,7,0.00023656640757012504
crescent,7,0.00023656640757012504
gives,7,0.00023656640757012504
coloured,7,0.00023656640757012504
sits,7,0.00023656640757012504
get,7,0.00023656640757012504
sold,7,0.00023656640757012504
simply,7,0.00023656640757012504
everyday,7,0.00023656640757012504
shaped,7,0.00023656640757012504
foiled,7,0.00023656640757012504
wild,7,0.00023656640757012504
negative,7,0.00023656640757012504
alloy,7,0.00023656640757012504
standard,7,0.00023656640757012504
every,7,0.00023656640757012504
017,7,0.00023656640757012504
clips,7,0.00023656640757012504
luxurious,7,0.00023656640757012504
turtle,7,0.00023656640757012504
summer,7,0.00023656640757012504
costs,7,0.00023656640757012504
shape,7,0.00023656640757012504
adding,7,0.00023656640757012504
dandelions,7,0.00023656640757012504
lovely,7,0.00023656640757012504
way,7,0.00023656640757012504
daisy,7,0.00023656640757012504
send,7,0.00023656640757012504
colour,7,0.00023656640757012504
letter,7,0.00023656640757012504
dangle,7,0.00023656640757012504
cream,7,0.00023656640757012504
sandstone,7,0.00023656640757012504
lucky,7,0.00023656640757012504
crafted,7,0.00023656640757012504
catch,7,0.00023656640757012504
links,7,0.00023656640757012504
example,7,0.00023656640757012504
exceptional,7,0.00023656640757012504
47,7,0.00023656640757012504
8g,7,0.00023656640757012504
fox,6,0.00020277120648867861
37,6,0.00020277120648867861
easy,6,0.00020277120648867861
oder,6,0.00020277120648867861
synthetic,6,0.00020277120648867861
hangs,6,0.00020277120648867861
work,6,0.00020277120648867861
pattern,6,0.00020277120648867861
pustules,6,0.00020277120648867861
silverproduction,6,0.00020277120648867861
average,6,0.00020277120648867861
animal,6,0.00020277120648867861
58,6,0.00020277120648867861
max,6,0.00020277120648867861
kette,6,0.00020277120648867861
onto,6,0.00020277120648867861
mushroom,6,0.00020277120648867861
94,6,0.00020277120648867861
glitter,6,0.00020277120648867861
covered,6,0.00020277120648867861
44,6,0.00020277120648867861
delivery,6,0.00020277120648867861
shark,6,0.00020277120648867861
nugget,6,0.00020277120648867861
carriers,6,0.00020277120648867861
treasure,6,0.00020277120648867861
shimmers,6,0.00020277120648867861
smooth,6,0.00020277120648867861
parachute,6,0.00020277120648867861
aurora,6,0.00020277120648867861
meadow,6,0.00020277120648867861
left,6,0.00020277120648867861
square,6,0.00020277120648867861
four,6,0.00020277120648867861
pigments,6,0.00020277120648867861
61,6,0.00020277120648867861
directly,6,0.00020277120648867861
offer,6,0.00020277120648867861
ground,6,0.00020277120648867861
almost,6,0.00020277120648867861
key,6,0.00020277120648867861
27,6,0.00020277120648867861
shipped,6,0.00020277120648867861
magical,6,0.00020277120648867861
rolo,6,0.00020277120648867861
pine,6,0.00020277120648867861
lace,6,0.00020277120648867861
queen,6,0.00020277120648867861
obsidian,6,0.00020277120648867861
flakes,6,0.00020277120648867861
lilac,6,0.00020277120648867861
grass,6,0.00020277120648867861
elegant,6,0.00020277120648867861
turmalin,6,0.00020277120648867861
petrol,6,0.00020277120648867861
cornflower,6,0.00020277120648867861
cat,6,0.00020277120648867861
women,6,0.00020277120648867861
save,6,0.00020277120648867861
60cm,6,0.00020277120648867861
sign,6,0.00020277120648867861
delicately,6,0.00020277120648867861
first,6,0.00020277120648867861
middle,6,0.00020277120648867861
course,6,0.00020277120648867861
coral,6,0.00020277120648867861
violet,6,0.00020277120648867861
18inch,6,0.00020277120648867861
amazing,6,0.00020277120648867861
pastel,6,0.00020277120648867861
included,6,0.00020277120648867861
thin,5,0.00016897600540723216
zodiac,5,0.00016897600540723216
rectangular,5,0.00016897600540723216
individually,5,0.00016897600540723216
painted,5,0.00016897600540723216
photograph,5,0.00016897600540723216
faq,5,0.00016897600540723216
thistle,5,0.00016897600540723216
du,5,0.00016897600540723216
9g,5,0.00016897600540723216
stock,5,0.00016897600540723216
4mm,5,0.00016897600540723216
gelber,5,0.00016897600540723216
sternzeichen,5,0.00016897600540723216
bitte,5,0.00016897600540723216
19mm,5,0.00016897600540723216
die,5,0.00016897600540723216
drying,5,0.00016897600540723216
exchange,5,0.00016897600540723216
dragon,5,0.00016897600540723216
ich,5,0.00016897600540723216
tridimensional,5,0.00016897600540723216
birds,5,0.00016897600540723216
cap,5,0.00016897600540723216
tender,5,0.00016897600540723216
knitting,5,0.00016897600540723216
5mm,5,0.00016897600540723216
grey,5,0.00016897600540723216
disc,5,0.00016897600540723216
form,5,0.00016897600540723216
flat,5,0.00016897600540723216
026,5,0.00016897600540723216
tape,5,0.00016897600540723216
34mm,5,0.00016897600540723216
34,5,0.00016897600540723216
crown,5,0.00016897600540723216
delivered,5,0.00016897600540723216
instead,5,0.00016897600540723216
toggle,5,0.00016897600540723216
various,5,0.00016897600540723216
funny,5,0.00016897600540723216
024,5,0.00016897600540723216
33,5,0.00016897600540723216
bicyclist,5,0.00016897600540723216
interior,5,0.00016897600540723216
12g,5,0.00016897600540723216
necklacecustomisation,5,0.00016897600540723216
41mm,5,0.00016897600540723216
water,5,0.00016897600540723216
version,5,0.00016897600540723216
garden,5,0.00016897600540723216
butterfly,5,0.00016897600540723216
en,5,0.00016897600540723216
cordproduction,5,0.00016897600540723216
10g,5,0.00016897600540723216
90cm,5,0.00016897600540723216
faceted,5,0.00016897600540723216
magnificent,5,0.00016897600540723216
ease,5,0.00016897600540723216
grinded,5,0.00016897600540723216
deine,5,0.00016897600540723216
24inch,5,0.00016897600540723216
zirconia,5,0.00016897600540723216
produce,5,0.00016897600540723216
day,5,0.00016897600540723216
shiny,5,0.00016897600540723216
leon,5,0.00016897600540723216
bestseller,5,0.00016897600540723216
image,5,0.00016897600540723216
pacemaker,5,0.00016897600540723216
5cmx,5,0.00016897600540723216
magnet,5,0.00016897600540723216
extra,5,0.00016897600540723216
pieces,5,0.00016897600540723216
people,5,0.00016897600540723216
could,5,0.00016897600540723216
mural,5,0.00016897600540723216
additionally,5,0.00016897600540723216
away,5,0.00016897600540723216
usually,5,0.00016897600540723216
handles,5,0.00016897600540723216
knows,5,0.00016897600540723216
enchanting,5,0.00016897600540723216
last,5,0.00016897600540723216
59,5,0.00016897600540723216
bird,5,0.00016897600540723216
thus,5,0.00016897600540723216
others,5,0.00016897600540723216
candlestick,5,0.00016897600540723216
carry,5,0.00016897600540723216
56,5,0.00016897600540723216
thanks,5,0.00016897600540723216
individual,5,0.00016897600540723216
makes,5,0.00016897600540723216
arranged,5,0.00016897600540723216
elaborately,5,0.00016897600540723216
oxidized,5,0.00016897600540723216
paint,5,0.00016897600540723216
ornaments,5,0.00016897600540723216
look,5,0.00016897600540723216
multiple,5,0.00016897600540723216
spoons,5,0.00016897600540723216
motif,5,0.00016897600540723216
true,5,0.00016897600540723216
feel,5,0.00016897600540723216
keepsake,5,0.00016897600540723216
borealis,5,0.00016897600540723216
thick,5,0.00016897600540723216
carried,5,0.00016897600540723216
hope,5,0.00016897600540723216
visiting,5,0.00016897600540723216
briolette,5,0.00016897600540723216
symbol,5,0.00016897600540723216
helps,5,0.00016897600540723216
ancient,5,0.00016897600540723216
dyed,5,0.00016897600540723216
looks,5,0.00016897600540723216
outfit,5,0.00016897600540723216
lead,5,0.00016897600540723216
shell,5,0.00016897600540723216
happiness,5,0.00016897600540723216
gorgeous,5,0.00016897600540723216
help,5,0.00016897600540723216
anne,5,0.00016897600540723216
hairpins,5,0.00016897600540723216
sardonyx,5,0.00016897600540723216
view,4,0.00013518080432578573
jaspis,4,0.00013518080432578573
mood,4,0.00013518080432578573
containing,4,0.00013518080432578573
means,4,0.00013518080432578573
together,4,0.00013518080432578573
petals,4,0.00013518080432578573
menü,4,0.00013518080432578573
wähle,4,0.00013518080432578573
easily,4,0.00013518080432578573
sparkling,4,0.00013518080432578573
32,4,0.00013518080432578573
kick,4,0.00013518080432578573
79,4,0.00013518080432578573
_______________________________________________________all,4,0.00013518080432578573
versilbertes,4,0.00013518080432578573
thank,4,0.00013518080432578573
cufflinks,4,0.00013518080432578573
custom,4,0.00013518080432578573
arrangement,4,0.00013518080432578573
watch,4,0.00013518080432578573
themed,4,0.00013518080432578573
stands,4,0.00013518080432578573
especially,4,0.00013518080432578573
e,4,0.00013518080432578573
knife,4,0.00013518080432578573
bluten,4,0.00013518080432578573
malachit,4,0.00013518080432578573
38,4,0.00013518080432578573
corner,4,0.00013518080432578573
lightly,4,0.00013518080432578573
chameleon,4,0.00013518080432578573
pick,4,0.00013518080432578573
field,4,0.00013518080432578573
neighbours,4,0.00013518080432578573
kupfer,4,0.00013518080432578573
attach,4,0.00013518080432578573
emerald,4,0.00013518080432578573
apatite,4,0.00013518080432578573
optionally,4,0.00013518080432578573
poplar,4,0.00013518080432578573
jasper,4,0.00013518080432578573
text,4,0.00013518080432578573
sizes,4,0.00013518080432578573
loop,4,0.00013518080432578573
mmmaterial,4,0.00013518080432578573
eyecatcher,4,0.00013518080432578573
metallic,4,0.00013518080432578573
currently,4,0.00013518080432578573
keychain,4,0.00013518080432578573
noble,4,0.00013518080432578573
surfer,4,0.00013518080432578573
76,4,0.00013518080432578573
cork,4,0.00013518080432578573
ends,4,0.00013518080432578573
twisted,4,0.00013518080432578573
allergy,4,0.00013518080432578573
bottle,4,0.00013518080432578573
gemstones,4,0.00013518080432578573
decorative,4,0.00013518080432578573
zinn,4,0.00013518080432578573
candle,4,0.00013518080432578573
ga_search_query,4,0.00013518080432578573
workings,4,0.00013518080432578573
blossom,4,0.00013518080432578573
amethyst,4,0.00013518080432578573
drops,4,0.00013518080432578573
nicht,4,0.00013518080432578573
whether,4,0.00013518080432578573
self,4,0.00013518080432578573
trapping,4,0.00013518080432578573
der,4,0.00013518080432578573
attract,4,0.00013518080432578573
aus,4,0.00013518080432578573
gloss,4,0.00013518080432578573
sheeps,4,0.00013518080432578573
appreciate,4,0.00013518080432578573
silber,4,0.00013518080432578573
probably,4,0.00013518080432578573
content,4,0.00013518080432578573
element,4,0.00013518080432578573
armband,4,0.00013518080432578573
lid,4,0.00013518080432578573
13mm,4,0.00013518080432578573
shimmer,4,0.00013518080432578573
2bschwarz,4,0.00013518080432578573
prefer,4,0.00013518080432578573
relief,4,0.00013518080432578573
31,4,0.00013518080432578573
portable,4,0.00013518080432578573
oranger,4,0.00013518080432578573
magpie,4,0.00013518080432578573
miniature,4,0.00013518080432578573
9mm,4,0.00013518080432578573
28mm,4,0.00013518080432578573
dangles,4,0.00013518080432578573
receive,4,0.00013518080432578573
beginning,4,0.00013518080432578573
bling,4,0.00013518080432578573
bridesmaid,4,0.00013518080432578573
power,4,0.00013518080432578573
collected,4,0.00013518080432578573
say,4,0.00013518080432578573
pinecone,4,0.00013518080432578573
022,4,0.00013518080432578573
14k,4,0.00013518080432578573
evil,4,0.00013518080432578573
wool,4,0.00013518080432578573
unregelmassighttps,4,0.00013518080432578573
kate,4,0.00013518080432578573
regards,4,0.00013518080432578573
hei,4,0.00013518080432578573
53,4,0.00013518080432578573
67,4,0.00013518080432578573
enjoy,4,0.00013518080432578573
wrap,4,0.00013518080432578573
honeycomb,4,0.00013518080432578573
fabulous,4,0.00013518080432578573
satisfied,4,0.00013518080432578573
crystal,4,0.00013518080432578573
specialty,4,0.00013518080432578573
sure,4,0.00013518080432578573
naturea,4,0.00013518080432578573
sea,4,0.00013518080432578573
finding,4,0.00013518080432578573
geometrische,4,0.00013518080432578573
blickwinkel,4,0.00013518080432578573
204927729,4,0.00013518080432578573
toki,4,0.00013518080432578573
butterflies,4,0.00013518080432578573
irregularly,4,0.00013518080432578573
symbolizes,4,0.00013518080432578573
ski,4,0.00013518080432578573
attached,4,0.00013518080432578573
65,4,0.00013518080432578573
chinese,4,0.00013518080432578573
around,4,0.00013518080432578573
pumpkin,4,0.00013518080432578573
lights,4,0.00013518080432578573
shorten,4,0.00013518080432578573
uk,4,0.00013518080432578573
bandproduction,4,0.00013518080432578573
proud,4,0.00013518080432578573
fitted,4,0.00013518080432578573
change,4,0.00013518080432578573
seen,4,0.00013518080432578573
found,4,0.00013518080432578573
g,4,0.00013518080432578573
nuggets,4,0.00013518080432578573
11mm,4,0.00013518080432578573
snap,4,0.00013518080432578573
esoteric,4,0.00013518080432578573
sewing,4,0.00013518080432578573
blocks,4,0.00013518080432578573
using,4,0.00013518080432578573
retain,4,0.00013518080432578573
buy,4,0.00013518080432578573
weightpendant,4,0.00013518080432578573
structure,3,0.00010138560324433931
friend,3,0.00010138560324433931
boxes,3,0.00010138560324433931
028,3,0.00010138560324433931
keep,3,0.00010138560324433931
top,3,0.00010138560324433931
personal,3,0.00010138560324433931
corrugated,3,0.00010138560324433931
grassproduction,3,0.00010138560324433931
elongated,3,0.00010138560324433931
address,3,0.00010138560324433931
consists,3,0.00010138560324433931
bizarre,3,0.00010138560324433931
schwarzem,3,0.00010138560324433931
northern,3,0.00010138560324433931
play,3,0.00010138560324433931
17mm,3,0.00010138560324433931
bayonet,3,0.00010138560324433931
m1,3,0.00010138560324433931
surfboard,3,0.00010138560324433931
17,3,0.00010138560324433931
floats,3,0.00010138560324433931
zollsize,3,0.00010138560324433931
fly,3,0.00010138560324433931
70,3,0.00010138560324433931
welcome,3,0.00010138560324433931
sufferers,3,0.00010138560324433931
surgical,3,0.00010138560324433931
rope,3,0.00010138560324433931
7g,3,0.00010138560324433931
12mm,3,0.00010138560324433931
surfaces,3,0.00010138560324433931
greater,3,0.00010138560324433931
pencil,3,0.00010138560324433931
mmring,3,0.00010138560324433931
v,3,0.00010138560324433931
pond,3,0.00010138560324433931
5cm,3,0.00010138560324433931
patterns,3,0.00010138560324433931
going,3,0.00010138560324433931
yoga,3,0.00010138560324433931
paua,3,0.00010138560324433931
everyone,3,0.00010138560324433931
instructions,3,0.00010138560324433931
artificial,3,0.00010138560324433931
98,3,0.00010138560324433931
lb,3,0.00010138560324433931
crocodile,3,0.00010138560324433931
42cm,3,0.00010138560324433931
striped,3,0.00010138560324433931
precious,3,0.00010138560324433931
suppose,3,0.00010138560324433931
climber,3,0.00010138560324433931
supplied,3,0.00010138560324433931
mysticism,3,0.00010138560324433931
29mm,3,0.00010138560324433931
spirituality,3,0.00010138560324433931
ohrhaken,3,0.00010138560324433931
opaque,3,0.00010138560324433931
cone,3,0.00010138560324433931
face,3,0.00010138560324433931
3mm,3,0.00010138560324433931
soccer,3,0.00010138560324433931
rare,3,0.00010138560324433931
basket,3,0.00010138560324433931
macramé,3,0.00010138560324433931
measuring,3,0.00010138560324433931
bandcustomisation,3,0.00010138560324433931
fixing,3,0.00010138560324433931
27mm,3,0.00010138560324433931
42mm,3,0.00010138560324433931
pins,3,0.00010138560324433931
able,3,0.00010138560324433931
edging,3,0.00010138560324433931
fastener,3,0.00010138560324433931
skier,3,0.00010138560324433931
gondola,3,0.00010138560324433931
finger,3,0.00010138560324433931
gladly,3,0.00010138560324433931
11g,3,0.00010138560324433931
quite,3,0.00010138560324433931
larger,3,0.00010138560324433931
giraffe,3,0.00010138560324433931
pinch,3,0.00010138560324433931
figure,3,0.00010138560324433931
similar,3,0.00010138560324433931
waldesruh,3,0.00010138560324433931
50cm,3,0.00010138560324433931
shells,3,0.00010138560324433931
thorns,3,0.00010138560324433931
thorn,3,0.00010138560324433931
013,3,0.00010138560324433931
sheep,3,0.00010138560324433931
zarte,3,0.00010138560324433931
meters,3,0.00010138560324433931
optionsthe,3,0.00010138560324433931
bending,3,0.00010138560324433931
rings,3,0.00010138560324433931
velvet,3,0.00010138560324433931
hikers,3,0.00010138560324433931
pastry,3,0.00010138560324433931
100,3,0.00010138560324433931
classic,3,0.00010138560324433931
pair,3,0.00010138560324433931
king,3,0.00010138560324433931
sleep,3,0.00010138560324433931
penguins,3,0.00010138560324433931
rosé,3,0.00010138560324433931
optional,3,0.00010138560324433931
cold,3,0.00010138560324433931
missing,3,0.00010138560324433931
area,3,0.00010138560324433931
526127216,3,0.00010138560324433931
moonstones,3,0.00010138560324433931
includes,3,0.00010138560324433931
query,3,0.00010138560324433931
mother,3,0.00010138560324433931
lifeless,3,0.00010138560324433931
größe,3,0.00010138560324433931
vom,3,0.00010138560324433931
dropdown,3,0.00010138560324433931
darker,3,0.00010138560324433931
match,3,0.00010138560324433931
ab,3,0.00010138560324433931
cacoxenite,3,0.00010138560324433931
shop_home_active_5,3,0.00010138560324433931
hard,3,0.00010138560324433931
494045203,3,0.00010138560324433931
soul,3,0.00010138560324433931
perlen,3,0.00010138560324433931
freshness,3,0.00010138560324433931
protected,3,0.00010138560324433931
embodies,3,0.00010138560324433931
terrain,3,0.00010138560324433931
root,3,0.00010138560324433931
germinate,3,0.00010138560324433931
perseverance,3,0.00010138560324433931
mean,3,0.00010138560324433931
mindfulness,3,0.00010138560324433931
spells,3,0.00010138560324433931
handcrafted,3,0.00010138560324433931
mmglass,3,0.00010138560324433931
lengths,3,0.00010138560324433931
powder,3,0.00010138560324433931
sit,3,0.00010138560324433931
swallows,3,0.00010138560324433931
dragonfly,3,0.00010138560324433931
mookait,3,0.00010138560324433931
intensely,3,0.00010138560324433931
ornate,3,0.00010138560324433931
türkis,3,0.00010138560324433931
aquamarin,3,0.00010138560324433931
rosenquarz,3,0.00010138560324433931
roter,3,0.00010138560324433931
inserted,3,0.00010138560324433931
chrysopras,3,0.00010138560324433931
battery,3,0.00010138560324433931
combination,3,0.00010138560324433931
secret,3,0.00010138560324433931
blank,3,0.00010138560324433931
double,3,0.00010138560324433931
forget,3,0.00010138560324433931
cotton,3,0.00010138560324433931
boat,3,0.00010138560324433931
starfish,3,0.00010138560324433931
spoilage,3,0.00010138560324433931
troubles,3,0.00010138560324433931
eliminate,3,0.00010138560324433931
sometimes,3,0.00010138560324433931
enough,3,0.00010138560324433931
spirit,3,0.00010138560324433931
ethic,3,0.00010138560324433931
importance,3,0.00010138560324433931
stopping,3,0.00010138560324433931
smelling,3,0.00010138560324433931
nectar,3,0.00010138560324433931
grab,3,0.00010138560324433931
proverbial,3,0.00010138560324433931
vehemence,3,0.00010138560324433931
balance,3,0.00010138560324433931
fastened,3,0.00010138560324433931
mushrooms,3,0.00010138560324433931
creoles,3,0.00010138560324433931
brisures,3,0.00010138560324433931
designer,3,0.00010138560324433931
curved,3,0.00010138560324433931
kindle,3,0.00010138560324433931
lifetime,3,0.00010138560324433931
technology,3,0.00010138560324433931
gilded,3,0.00010138560324433931
much,3,0.00010138560324433931
productivity,3,0.00010138560324433931
helped,3,0.00010138560324433931
stars,3,0.00010138560324433931
youth,3,0.00010138560324433931
bears,3,0.00010138560324433931
believed,3,0.00010138560324433931
ancestors,3,0.00010138560324433931
surrounded,3,0.00010138560324433931
napkin,3,0.00010138560324433931
stay,3,0.00010138560324433931
patinated,3,0.00010138560324433931
patina,3,0.00010138560324433931
oriental,3,0.00010138560324433931
adorable,3,0.00010138560324433931
cubic,3,0.00010138560324433931
sparkle,3,0.00010138560324433931
wisdom,3,0.00010138560324433931
star,3,0.00010138560324433931
mint,3,0.00010138560324433931
aqua,3,0.00010138560324433931
encased,3,0.00010138560324433931
appears,3,0.00010138560324433931
carries,3,0.00010138560324433931
levels,3,0.00010138560324433931
einem,3,0.00010138560324433931
waxed,3,0.00010138560324433931
orb,3,0.00010138560324433931
painting,3,0.00010138560324433931
macrame,3,0.00010138560324433931
days,3,0.00010138560324433931
timeless,3,0.00010138560324433931
nylon,3,0.00010138560324433931
hummingbird,3,0.00010138560324433931
center,3,0.00010138560324433931
wrist,3,0.00010138560324433931
sand,3,0.00010138560324433931
pustule,3,0.00010138560324433931
souvenir,3,0.00010138560324433931
melon,3,0.00010138560324433931
hämatit,3,0.00010138560324433931
things,3,0.00010138560324433931
apricot,3,0.00010138560324433931
printed,3,0.00010138560324433931
vergoldet,3,0.00010138560324433931
lot,3,0.00010138560324433931
wedding,3,0.00010138560324433931
beaded,3,0.00010138560324433931
sunstone,3,0.00010138560324433931
consisting,3,0.00010138560324433931
five,3,0.00010138560324433931
czech,3,0.00010138560324433931
adapted,3,0.00010138560324433931
compass,3,0.00010138560324433931
und,3,0.00010138560324433931
fuchsia,2,6.759040216289287e-05
bottles,2,6.759040216289287e-05
leaflet,2,6.759040216289287e-05
completely,2,6.759040216289287e-05
products,2,6.759040216289287e-05
font,2,6.759040216289287e-05
sealed,2,6.759040216289287e-05
upgrade,2,6.759040216289287e-05
assembled,2,6.759040216289287e-05
besteckende,2,6.759040216289287e-05
threaded,2,6.759040216289287e-05
plates,2,6.759040216289287e-05
roadside,2,6.759040216289287e-05
holds,2,6.759040216289287e-05
amulet,2,6.759040216289287e-05
called,2,6.759040216289287e-05
overseas,2,6.759040216289287e-05
japanese,2,6.759040216289287e-05
miyuki,2,6.759040216289287e-05
difficulties,2,6.759040216289287e-05
hummingbirds,2,6.759040216289287e-05
schmucksteinread,2,6.759040216289287e-05
country,2,6.759040216289287e-05
levitate,2,6.759040216289287e-05
shorter,2,6.759040216289287e-05
setting,2,6.759040216289287e-05
romantic,2,6.759040216289287e-05
______________________________________________________for,2,6.759040216289287e-05
shimmery,2,6.759040216289287e-05
grown,2,6.759040216289287e-05
certain,2,6.759040216289287e-05
customization,2,6.759040216289287e-05
market,2,6.759040216289287e-05
teedose,2,6.759040216289287e-05
changing,2,6.759040216289287e-05
cage,2,6.759040216289287e-05
cones,2,6.759040216289287e-05
009,2,6.759040216289287e-05
4g,2,6.759040216289287e-05
interesting,2,6.759040216289287e-05
pigmentspacked,2,6.759040216289287e-05
maille,2,6.759040216289287e-05
embedded,2,6.759040216289287e-05
changes,2,6.759040216289287e-05
milky,2,6.759040216289287e-05
dreamlike,2,6.759040216289287e-05
worked,2,6.759040216289287e-05
sailing,2,6.759040216289287e-05
opalite,2,6.759040216289287e-05
longer,2,6.759040216289287e-05
seahorse,2,6.759040216289287e-05
examples,2,6.759040216289287e-05
lengthglass,2,6.759040216289287e-05
lays,2,6.759040216289287e-05
macramee,2,6.759040216289287e-05
knitted,2,6.759040216289287e-05
otherwise,2,6.759040216289287e-05
resulted,2,6.759040216289287e-05
europe,2,6.759040216289287e-05
concert,2,6.759040216289287e-05
needles,2,6.759040216289287e-05
fast,2,6.759040216289287e-05
foil,2,6.759040216289287e-05
levitates,2,6.759040216289287e-05
13g,2,6.759040216289287e-05
antique,2,6.759040216289287e-05
along,2,6.759040216289287e-05
stockinette,2,6.759040216289287e-05
garnet,2,6.759040216289287e-05
96,2,6.759040216289287e-05
fluttered,2,6.759040216289287e-05
ruby,2,6.759040216289287e-05
normal,2,6.759040216289287e-05
holiday,2,6.759040216289287e-05
rhodolith,2,6.759040216289287e-05
dots,2,6.759040216289287e-05
beach,2,6.759040216289287e-05
stitch,2,6.759040216289287e-05
fromgermany,2,6.759040216289287e-05
taken,2,6.759040216289287e-05
everythingcustomisation,2,6.759040216289287e-05
moroccan,2,6.759040216289287e-05
solder,2,6.759040216289287e-05
super,2,6.759040216289287e-05
spherical,2,6.759040216289287e-05
case,2,6.759040216289287e-05
shipment,2,6.759040216289287e-05
plugs,2,6.759040216289287e-05
48,2,6.759040216289287e-05
77,2,6.759040216289287e-05
pointed,2,6.759040216289287e-05
clear,2,6.759040216289287e-05
securely,2,6.759040216289287e-05
dangling,2,6.759040216289287e-05
6g,2,6.759040216289287e-05
zollthe,2,6.759040216289287e-05
zollmaterial,2,6.759040216289287e-05
6mm,2,6.759040216289287e-05
imprint,2,6.759040216289287e-05
salamander,2,6.759040216289287e-05
layer,2,6.759040216289287e-05
cmstones,2,6.759040216289287e-05
goldfish,2,6.759040216289287e-05
hairclip,2,6.759040216289287e-05
patinating,2,6.759040216289287e-05
briurs,2,6.759040216289287e-05
outer,2,6.759040216289287e-05
patterned,2,6.759040216289287e-05
labradorit,2,6.759040216289287e-05
alle,2,6.759040216289287e-05
nymph,2,6.759040216289287e-05
kunzit,2,6.759040216289287e-05
devoured,2,6.759040216289287e-05
teal,2,6.759040216289287e-05
achat,2,6.759040216289287e-05
tine,2,6.759040216289287e-05
faux,2,6.759040216289287e-05
anchor,2,6.759040216289287e-05
rubin,2,6.759040216289287e-05
granat,2,6.759040216289287e-05
shades,2,6.759040216289287e-05
chrysokoll,2,6.759040216289287e-05
artfully,2,6.759040216289287e-05
sanded,2,6.759040216289287e-05
gigantic,2,6.759040216289287e-05
tines,2,6.759040216289287e-05
already,2,6.759040216289287e-05
affectionate,2,6.759040216289287e-05
given,2,6.759040216289287e-05
karneol,2,6.759040216289287e-05
bernstein,2,6.759040216289287e-05
hai,2,6.759040216289287e-05
chalcedon,2,6.759040216289287e-05
leaflets,2,6.759040216289287e-05
amazonit,2,6.759040216289287e-05
29,2,6.759040216289287e-05
zum,2,6.759040216289287e-05
marianne,2,6.759040216289287e-05
ceramics,2,6.759040216289287e-05
luis,2,6.759040216289287e-05
autumnal,2,6.759040216289287e-05
entirely,2,6.759040216289287e-05
baubles,2,6.759040216289287e-05
lifter,2,6.759040216289287e-05
sawed,2,6.759040216289287e-05
hämatitperlen,2,6.759040216289287e-05
elaborate,2,6.759040216289287e-05
manual,2,6.759040216289287e-05
habe,2,6.759040216289287e-05
abb,2,6.759040216289287e-05
aktuell,2,6.759040216289287e-05
works,2,6.759040216289287e-05
behind,2,6.759040216289287e-05
bergkristall,2,6.759040216289287e-05
c,2,6.759040216289287e-05
held,2,6.759040216289287e-05
diamant,2,6.759040216289287e-05
khaki,2,6.759040216289287e-05
materialien,2,6.759040216289287e-05
morganit,2,6.759040216289287e-05
artikel,2,6.759040216289287e-05
mmagate,2,6.759040216289287e-05
incl,2,6.759040216289287e-05
euro,2,6.759040216289287e-05
fluorit,2,6.759040216289287e-05
shirt,2,6.759040216289287e-05
short,2,6.759040216289287e-05
chrysoberyll,2,6.759040216289287e-05
serpentin,2,6.759040216289287e-05
moving,2,6.759040216289287e-05
heliotrop,2,6.759040216289287e-05
gern,2,6.759040216289287e-05
deep,2,6.759040216289287e-05
im,2,6.759040216289287e-05
unicum,2,6.759040216289287e-05
oxidizes,2,6.759040216289287e-05
bei,2,6.759040216289287e-05
queens,2,6.759040216289287e-05
princesses,2,6.759040216289287e-05
bloodstone,2,6.759040216289287e-05
witch,2,6.759040216289287e-05
jacket,2,6.759040216289287e-05
wears,2,6.759040216289287e-05
mountain,2,6.759040216289287e-05
flask,2,6.759040216289287e-05
caps,2,6.759040216289287e-05
glas,2,6.759040216289287e-05
grandma,2,6.759040216289287e-05
poison,2,6.759040216289287e-05
smaller,2,6.759040216289287e-05
elixir,2,6.759040216289287e-05
52,2,6.759040216289287e-05
earring,2,6.759040216289287e-05
sister,2,6.759040216289287e-05
expand,2,6.759040216289287e-05
reminiscent,2,6.759040216289287e-05
lever,2,6.759040216289287e-05
lapis,2,6.759040216289287e-05
druzy,2,6.759040216289287e-05
optionsi,2,6.759040216289287e-05
perle,2,6.759040216289287e-05
bush,2,6.759040216289287e-05
lapislazuli,2,6.759040216289287e-05
holes,2,6.759040216289287e-05
cabochonthe,2,6.759040216289287e-05
magnetverschluss,2,6.759040216289287e-05
vergoldetes,2,6.759040216289287e-05
stein,2,6.759040216289287e-05
changed,2,6.759040216289287e-05
iridescent,2,6.759040216289287e-05
plants,2,6.759040216289287e-05
wristwatch,2,6.759040216289287e-05
hollow,2,6.759040216289287e-05
biscuit,2,6.759040216289287e-05
563381357,2,6.759040216289287e-05
big,2,6.759040216289287e-05
edelsteinperlen,2,6.759040216289287e-05
autumn,2,6.759040216289287e-05
8mm,2,6.759040216289287e-05
nylonband,2,6.759040216289287e-05
armbandgröße,2,6.759040216289287e-05
bike,2,6.759040216289287e-05
gewünschte,2,6.759040216289287e-05
alternatively,2,6.759040216289287e-05
mermaid,2,6.759040216289287e-05
holder,2,6.759040216289287e-05
reef,2,6.759040216289287e-05
favourite,2,6.759040216289287e-05
lazuli,2,6.759040216289287e-05
86,2,6.759040216289287e-05
gothic,2,6.759040216289287e-05
unfold,2,6.759040216289287e-05
011,2,6.759040216289287e-05
lengthen,2,6.759040216289287e-05
braid,2,6.759040216289287e-05
search,2,6.759040216289287e-05
single,2,6.759040216289287e-05
organs,2,6.759040216289287e-05
professional,2,6.759040216289287e-05
phase,2,6.759040216289287e-05
starts,2,6.759040216289287e-05
beginnings,2,6.759040216289287e-05
lure,2,6.759040216289287e-05
palette,2,6.759040216289287e-05
calm,2,6.759040216289287e-05
015,2,6.759040216289287e-05
decor,2,6.759040216289287e-05
flexibly,2,6.759040216289287e-05
showy,2,6.759040216289287e-05
puss,2,6.759040216289287e-05
irregular,2,6.759040216289287e-05
rockin,2,6.759040216289287e-05
33mm,2,6.759040216289287e-05
5g,2,6.759040216289287e-05
32mm,2,6.759040216289287e-05
walnut,2,6.759040216289287e-05
needed,2,6.759040216289287e-05
photo,2,6.759040216289287e-05
5x,2,6.759040216289287e-05
necklaces,2,6.759040216289287e-05
number,2,6.759040216289287e-05
tracking,2,6.759040216289287e-05
6cmx,2,6.759040216289287e-05
merry,2,6.759040216289287e-05
located,2,6.759040216289287e-05
composition,2,6.759040216289287e-05
beat,2,6.759040216289287e-05
rhinestones,2,6.759040216289287e-05
lotus,2,6.759040216289287e-05
spotted,2,6.759040216289287e-05
finnish,2,6.759040216289287e-05
selectablewidth,2,6.759040216289287e-05
71,2,6.759040216289287e-05
grow,2,6.759040216289287e-05
grows,2,6.759040216289287e-05
agarics,2,6.759040216289287e-05
inimitable,2,6.759040216289287e-05
young,2,6.759040216289287e-05
floe,2,6.759040216289287e-05
epoxidharz,2,6.759040216289287e-05
witziger,2,6.759040216289287e-05
nails,2,6.759040216289287e-05
highly,2,6.759040216289287e-05
accept,2,6.759040216289287e-05
lonely,2,6.759040216289287e-05
salvation,2,6.759040216289287e-05
digestion,2,6.759040216289287e-05
ungewohnliche,2,6.759040216289287e-05
language,2,6.759040216289287e-05
stretchy,2,6.759040216289287e-05
penguin,2,6.759040216289287e-05
catching,2,6.759040216289287e-05
frosty,2,6.759040216289287e-05
outside,2,6.759040216289287e-05
promotes,2,6.759040216289287e-05
majestic,2,6.759040216289287e-05
weightring,2,6.759040216289287e-05
nots,2,6.759040216289287e-05
natural,2,6.759040216289287e-05
promise,2,6.759040216289287e-05
ankles,2,6.759040216289287e-05
goes,2,6.759040216289287e-05
intensive,2,6.759040216289287e-05
direction,2,6.759040216289287e-05
approximately,2,6.759040216289287e-05
decorate,2,6.759040216289287e-05
skin,2,6.759040216289287e-05
air,2,6.759040216289287e-05
43mm,2,6.759040216289287e-05
69,2,6.759040216289287e-05
immediately,2,6.759040216289287e-05
hang,2,6.759040216289287e-05
rehe,2,6.759040216289287e-05
regeneration,2,6.759040216289287e-05
uv,2,6.759040216289287e-05
luminous,2,6.759040216289287e-05
occur,2,6.759040216289287e-05
supportive,2,6.759040216289287e-05
feeling,2,6.759040216289287e-05
ice,2,6.759040216289287e-05
offers,2,6.759040216289287e-05
steellength,2,6.759040216289287e-05
packaging,2,6.759040216289287e-05
flexiblewidth,2,6.759040216289287e-05
63,2,6.759040216289287e-05
nero,2,6.759040216289287e-05
package,2,6.759040216289287e-05
supported,2,6.759040216289287e-05
insurance,2,6.759040216289287e-05
epoxide,2,6.759040216289287e-05
no19,2,6.759040216289287e-05
1000,2,6.759040216289287e-05
fulfill,2,6.759040216289287e-05
gods,2,6.759040216289287e-05
80cm,2,6.759040216289287e-05
marvelous,2,6.759040216289287e-05
shimmy,2,6.759040216289287e-05
fascinating,2,6.759040216289287e-05
lack,2,6.759040216289287e-05
wildflower,2,6.759040216289287e-05
36,2,6.759040216289287e-05
feelings,2,6.759040216289287e-05
49,2,6.759040216289287e-05
stunning,2,6.759040216289287e-05
einzigartiger,2,6.759040216289287e-05
inches,2,6.759040216289287e-05
cmx,2,6.759040216289287e-05
ganseblumchen,2,6.759040216289287e-05
u60mmus,2,6.759040216289287e-05
crinkle,2,6.759040216289287e-05
rosendornen,2,6.759040216289287e-05
seed,2,6.759040216289287e-05
70cm,2,6.759040216289287e-05
cranes,2,6.759040216289287e-05
woodland,2,6.759040216289287e-05
physical,2,6.759040216289287e-05
breakable,2,6.759040216289287e-05
remain,2,6.759040216289287e-05
visible,2,6.759040216289287e-05
ornamental,2,6.759040216289287e-05
fishing,2,6.759040216289287e-05
lobster,2,6.759040216289287e-05
besides,2,6.759040216289287e-05
lug,2,6.759040216289287e-05
galaxy,2,6.759040216289287e-05
mallee,2,6.759040216289287e-05
35mm,2,6.759040216289287e-05
vial,2,6.759040216289287e-05
papier,2,6.759040216289287e-05
must,2,6.759040216289287e-05
environment,2,6.759040216289287e-05
paperproduction,2,6.759040216289287e-05
really,2,6.759040216289287e-05
brings,2,6.759040216289287e-05
maybe,2,6.759040216289287e-05
999,2,6.759040216289287e-05
vine,2,6.759040216289287e-05
x3,2,6.759040216289287e-05
problems,2,6.759040216289287e-05
respect,2,6.759040216289287e-05
walks,2,6.759040216289287e-05
04,2,6.759040216289287e-05
smoothly,2,6.759040216289287e-05
necessary,2,6.759040216289287e-05
living,2,6.759040216289287e-05
blemishes,2,6.759040216289287e-05
lenght,2,6.759040216289287e-05
system,2,6.759040216289287e-05
blood,2,6.759040216289287e-05
8cm,2,6.759040216289287e-05
highlight,2,6.759040216289287e-05
likes,2,6.759040216289287e-05
pustebume,2,6.759040216289287e-05
41,2,6.759040216289287e-05
characterized,2,6.759040216289287e-05
einer,2,6.759040216289287e-05
forever,2,6.759040216289287e-05
preserve,2,6.759040216289287e-05
sphere,2,6.759040216289287e-05
memorial,2,6.759040216289287e-05
section_id,2,6.759040216289287e-05
rainbow,2,6.759040216289287e-05
medallion,2,6.759040216289287e-05
dining,2,6.759040216289287e-05
room,2,6.759040216289287e-05
infinity,2,6.759040216289287e-05
loves,2,6.759040216289287e-05
animals,2,6.759040216289287e-05
lugs,2,6.759040216289287e-05
harz,2,6.759040216289287e-05
relatively,2,6.759040216289287e-05
arises,2,6.759040216289287e-05
children,2,6.759040216289287e-05
pusteblumen,2,6.759040216289287e-05
everything,2,6.759040216289287e-05
frequencies,2,6.759040216289287e-05
strength,2,6.759040216289287e-05
point,1,3.3795201081446433e-05
sheets,1,3.3795201081446433e-05
cabochons,1,3.3795201081446433e-05
chalcedoneffect,1,3.3795201081446433e-05
cmchandeliers,1,3.3795201081446433e-05
cmearrings,1,3.3795201081446433e-05
resolve,1,3.3795201081446433e-05
spruce,1,3.3795201081446433e-05
chandeliers,1,3.3795201081446433e-05
naturally,1,3.3795201081446433e-05
champagne,1,3.3795201081446433e-05
grained,1,3.3795201081446433e-05
conflicts,1,3.3795201081446433e-05
fantastic,1,3.3795201081446433e-05
crystals,1,3.3795201081446433e-05
resulting,1,3.3795201081446433e-05
cmtotal,1,3.3795201081446433e-05
resilient,1,3.3795201081446433e-05
dew,1,3.3795201081446433e-05
mmstones,1,3.3795201081446433e-05
serene,1,3.3795201081446433e-05
mmshells,1,3.3795201081446433e-05
earhooks,1,3.3795201081446433e-05
spherolithic,1,3.3795201081446433e-05
oceanjaspis,1,3.3795201081446433e-05
daydreaming,1,3.3795201081446433e-05
3g,1,3.3795201081446433e-05
cmflowers,1,3.3795201081446433e-05
mmbeads,1,3.3795201081446433e-05
thread,1,3.3795201081446433e-05
toho,1,3.3795201081446433e-05
21mm,1,3.3795201081446433e-05
consideration,1,3.3795201081446433e-05
sardonyxthrough,1,3.3795201081446433e-05
sensory,1,3.3795201081446433e-05
smoky,1,3.3795201081446433e-05
psychologically,1,3.3795201081446433e-05
improves,1,3.3795201081446433e-05
perception,1,3.3795201081446433e-05
mmornaments,1,3.3795201081446433e-05
mmsockets,1,3.3795201081446433e-05
info,1,3.3795201081446433e-05
frames,1,3.3795201081446433e-05
lined,1,3.3795201081446433e-05
armchain,1,3.3795201081446433e-05
lysy,1,3.3795201081446433e-05
crafting,1,3.3795201081446433e-05
methods,1,3.3795201081446433e-05
beading,1,3.3795201081446433e-05
flyer,1,3.3795201081446433e-05
teenager,1,3.3795201081446433e-05
wires,1,3.3795201081446433e-05
embossing,1,3.3795201081446433e-05
elements,1,3.3795201081446433e-05
pustflower,1,3.3795201081446433e-05
backs,1,3.3795201081446433e-05
stuffed,1,3.3795201081446433e-05
x1,1,3.3795201081446433e-05
peyote,1,3.3795201081446433e-05
hypoallergenic,1,3.3795201081446433e-05
mystical,1,3.3795201081446433e-05
9x8,1,3.3795201081446433e-05
conscious,1,3.3795201081446433e-05
environmentally,1,3.3795201081446433e-05
gently,1,3.3795201081446433e-05
magnetic,1,3.3795201081446433e-05
irrizing,1,3.3795201081446433e-05
princess,1,3.3795201081446433e-05
_____________________________________________________the,1,3.3795201081446433e-05
mmsocket,1,3.3795201081446433e-05
cmballs,1,3.3795201081446433e-05
trapped,1,3.3795201081446433e-05
lids,1,3.3795201081446433e-05
clearly,1,3.3795201081446433e-05
corn,1,3.3795201081446433e-05
figaroke,1,3.3795201081446433e-05
mmshell,1,3.3795201081446433e-05
sinking,1,3.3795201081446433e-05
filling,1,3.3795201081446433e-05
fantasy,1,3.3795201081446433e-05
diving,1,3.3795201081446433e-05
lagoon,1,3.3795201081446433e-05
___________________________________________all,1,3.3795201081446433e-05
core,1,3.3795201081446433e-05
freshwater,1,3.3795201081446433e-05
plating,1,3.3795201081446433e-05
18k,1,3.3795201081446433e-05
rhodier,1,3.3795201081446433e-05
product,1,3.3795201081446433e-05
turned,1,3.3795201081446433e-05
cmbriolette,1,3.3795201081446433e-05
senses,1,3.3795201081446433e-05
grief,1,3.3795201081446433e-05
pure,1,3.3795201081446433e-05
depression,1,3.3795201081446433e-05
honed,1,3.3795201081446433e-05
underneath,1,3.3795201081446433e-05
restful,1,3.3795201081446433e-05
enjoyed,1,3.3795201081446433e-05
holding,1,3.3795201081446433e-05
punctuated,1,3.3795201081446433e-05
reveals,1,3.3795201081446433e-05
perspectives,1,3.3795201081446433e-05
sonata,1,3.3795201081446433e-05
moonlight,1,3.3795201081446433e-05
cmsandstone,1,3.3795201081446433e-05
ensures,1,3.3795201081446433e-05
account,1,3.3795201081446433e-05
heat,1,3.3795201081446433e-05
sheet,1,3.3795201081446433e-05
inscription,1,3.3795201081446433e-05
move,1,3.3795201081446433e-05
l2,1,3.3795201081446433e-05
header,1,3.3795201081446433e-05
varnish,1,3.3795201081446433e-05
sealing,1,3.3795201081446433e-05
avatar,1,3.3795201081446433e-05
54,1,3.3795201081446433e-05
slips,1,3.3795201081446433e-05
foresight,1,3.3795201081446433e-05
far,1,3.3795201081446433e-05
gaze,1,3.3795201081446433e-05
considered,1,3.3795201081446433e-05
16567042,1,3.3795201081446433e-05
nazar,1,3.3795201081446433e-05
gifts,1,3.3795201081446433e-05
mom,1,3.3795201081446433e-05
god,1,3.3795201081446433e-05
difficult,1,3.3795201081446433e-05
situation,1,3.3795201081446433e-05
follower,1,3.3795201081446433e-05
courage,1,3.3795201081446433e-05
mmjade,1,3.3795201081446433e-05
sitting,1,3.3795201081446433e-05
sedated,1,3.3795201081446433e-05
annes,1,3.3795201081446433e-05
beanish,1,3.3795201081446433e-05
discolors,1,3.3795201081446433e-05
stripes,1,3.3795201081446433e-05
reddish,1,3.3795201081446433e-05
cacoxenit,1,3.3795201081446433e-05
vergoldetread,1,3.3795201081446433e-05
glasstein,1,3.3795201081446433e-05
glascabochon,1,3.3795201081446433e-05
_______________________________________for,1,3.3795201081446433e-05
layout,1,3.3795201081446433e-05
saying,1,3.3795201081446433e-05
mmkey,1,3.3795201081446433e-05
mmbutterfly,1,3.3795201081446433e-05
omniscience,1,3.3795201081446433e-05
vigilance,1,3.3795201081446433e-05
finely,1,3.3795201081446433e-05
outdoors,1,3.3795201081446433e-05
angular,1,3.3795201081446433e-05
unusual,1,3.3795201081446433e-05
sinuous,1,3.3795201081446433e-05
kinds,1,3.3795201081446433e-05
nightshade,1,3.3795201081446433e-05
intermediate,1,3.3795201081446433e-05
enjoying,1,3.3795201081446433e-05
spending,1,3.3795201081446433e-05
city,1,3.3795201081446433e-05
opticians,1,3.3795201081446433e-05
warm,1,3.3795201081446433e-05
month,1,3.3795201081446433e-05
catches,1,3.3795201081446433e-05
glance,1,3.3795201081446433e-05
studded,1,3.3795201081446433e-05
rhinestone,1,3.3795201081446433e-05
cz,1,3.3795201081446433e-05
interlocking,1,3.3795201081446433e-05
lyh,1,3.3795201081446433e-05
lover,1,3.3795201081446433e-05
1thank,1,3.3795201081446433e-05
shop_home_active_7,1,3.3795201081446433e-05
daughter,1,3.3795201081446433e-05
squided,1,3.3795201081446433e-05
___________________________the,1,3.3795201081446433e-05
mmdrops,1,3.3795201081446433e-05
sentiments,1,3.3795201081446433e-05
montana,1,3.3795201081446433e-05
versatile,1,3.3795201081446433e-05
touch,1,3.3795201081446433e-05
glam,1,3.3795201081446433e-05
accent,1,3.3795201081446433e-05
layered,1,3.3795201081446433e-05
serpentine,1,3.3795201081446433e-05
dripping,1,3.3795201081446433e-05
mmsmall,1,3.3795201081446433e-05
mmrhodolite,1,3.3795201081446433e-05
mmblack,1,3.3795201081446433e-05
719604390,1,3.3795201081446433e-05
kunststoffrahmenread,1,3.3795201081446433e-05
farben,1,3.3795201081446433e-05
peach,1,3.3795201081446433e-05
sizethe,1,3.3795201081446433e-05
discovery,1,3.3795201081446433e-05
________________________________________________________all,1,3.3795201081446433e-05
bohemian,1,3.3795201081446433e-05
jeanslock,1,3.3795201081446433e-05
morning,1,3.3795201081446433e-05
optics,1,3.3795201081446433e-05
powerfully,1,3.3795201081446433e-05
62,1,3.3795201081446433e-05
plate,1,3.3795201081446433e-05
glassplatte,1,3.3795201081446433e-05
discolor,1,3.3795201081446433e-05
oxidize,1,3.3795201081446433e-05
aztec,1,3.3795201081446433e-05
mookaite,1,3.3795201081446433e-05
fluid,1,3.3795201081446433e-05
mmrectangular,1,3.3795201081446433e-05
pigmented,1,3.3795201081446433e-05
among,1,3.3795201081446433e-05
journey,1,3.3795201081446433e-05
pocket,1,3.3795201081446433e-05
immune,1,3.3795201081446433e-05
fix,1,3.3795201081446433e-05
briaswith,1,3.3795201081446433e-05
folding,1,3.3795201081446433e-05
detoxification,1,3.3795201081446433e-05
branches,1,3.3795201081446433e-05
fog,1,3.3795201081446433e-05
roundread,1,3.3795201081446433e-05
ox,1,3.3795201081446433e-05
legierung,1,3.3795201081446433e-05
personalizing,1,3.3795201081446433e-05
cell,1,3.3795201081446433e-05
less,1,3.3795201081446433e-05
essential,1,3.3795201081446433e-05
renewal,1,3.3795201081446433e-05
rather,1,3.3795201081446433e-05
coordinates,1,3.3795201081446433e-05
followers,1,3.3795201081446433e-05
surcharge,1,3.3795201081446433e-05
acrylic,1,3.3795201081446433e-05
goddess,1,3.3795201081446433e-05
side,1,3.3795201081446433e-05
plain,1,3.3795201081446433e-05
durability,1,3.3795201081446433e-05
freshly,1,3.3795201081446433e-05
oxide,1,3.3795201081446433e-05
durable,1,3.3795201081446433e-05
insensitive,1,3.3795201081446433e-05
dust,1,3.3795201081446433e-05
moisture,1,3.3795201081446433e-05
hanger,1,3.3795201081446433e-05
wall,1,3.3795201081446433e-05
spacer,1,3.3795201081446433e-05
braided,1,3.3795201081446433e-05
yet,1,3.3795201081446433e-05
nebula,1,3.3795201081446433e-05
november,1,3.3795201081446433e-05
bracelets,1,3.3795201081446433e-05
fabric,1,3.3795201081446433e-05
enclosed,1,3.3795201081446433e-05
mmwatch,1,3.3795201081446433e-05
click,1,3.3795201081446433e-05
suspension,1,3.3795201081446433e-05
luminosity,1,3.3795201081446433e-05
features,1,3.3795201081446433e-05
trees,1,3.3795201081446433e-05
plum,1,3.3795201081446433e-05
meter,1,3.3795201081446433e-05
running,1,3.3795201081446433e-05
joint,1,3.3795201081446433e-05
resinthis,1,3.3795201081446433e-05
triangular,1,3.3795201081446433e-05
resistant,1,3.3795201081446433e-05
chrysocollum,1,3.3795201081446433e-05
upside,1,3.3795201081446433e-05
artist,1,3.3795201081446433e-05
chrysocolla,1,3.3795201081446433e-05
analog,1,3.3795201081446433e-05
readout,1,3.3795201081446433e-05
nappa,1,3.3795201081446433e-05
suede,1,3.3795201081446433e-05
4in,1,3.3795201081446433e-05
swarovski,1,3.3795201081446433e-05
fllitter,1,3.3795201081446433e-05
menopause,1,3.3795201081446433e-05
resembles,1,3.3795201081446433e-05
object,1,3.3795201081446433e-05
stonee,1,3.3795201081446433e-05
birth,1,3.3795201081446433e-05
puberty,1,3.3795201081446433e-05
pregnancy,1,3.3795201081446433e-05
reworked,1,3.3795201081446433e-05
career,1,3.3795201081446433e-05
divorce,1,3.3795201081446433e-05
teeth,1,3.3795201081446433e-05
hooking,1,3.3795201081446433e-05
required,1,3.3795201081446433e-05
shortened,1,3.3795201081446433e-05
euthanasia,1,3.3795201081446433e-05
maximum,1,3.3795201081446433e-05
fully,1,3.3795201081446433e-05
cheeky,1,3.3795201081446433e-05
somewhat,1,3.3795201081446433e-05
venetian,1,3.3795201081446433e-05
stonerose,1,3.3795201081446433e-05
drifts,1,3.3795201081446433e-05
radiates,1,3.3795201081446433e-05
braceletsymbolic,1,3.3795201081446433e-05
ish,1,3.3795201081446433e-05
finds,1,3.3795201081446433e-05
fittings,1,3.3795201081446433e-05
bud,1,3.3795201081446433e-05
print,1,3.3795201081446433e-05
reason,1,3.3795201081446433e-05
situations,1,3.3795201081446433e-05
extend,1,3.3795201081446433e-05
medium,1,3.3795201081446433e-05
surprise,1,3.3795201081446433e-05
hosts,1,3.3795201081446433e-05
bathroom,1,3.3795201081446433e-05
table,1,3.3795201081446433e-05
kitchen,1,3.3795201081446433e-05
serenity,1,3.3795201081446433e-05
calmness,1,3.3795201081446433e-05
cleaned,1,3.3795201081446433e-05
butter,1,3.3795201081446433e-05
backmaterial,1,3.3795201081446433e-05
furniture,1,3.3795201081446433e-05
denied,1,3.3795201081446433e-05
distance,1,3.3795201081446433e-05
screws,1,3.3795201081446433e-05
doors,1,3.3795201081446433e-05
drawers,1,3.3795201081446433e-05
visitor,1,3.3795201081446433e-05
empathy,1,3.3795201081446433e-05
smile,1,3.3795201081446433e-05
drawer,1,3.3795201081446433e-05
decently,1,3.3795201081446433e-05
beneficial,1,3.3795201081446433e-05
divorces,1,3.3795201081446433e-05
frequent,1,3.3795201081446433e-05
disputes,1,3.3795201081446433e-05
colourfully,1,3.3795201081446433e-05
bent,1,3.3795201081446433e-05
craftsmanship,1,3.3795201081446433e-05
castresin,1,3.3795201081446433e-05
knives,1,3.3795201081446433e-05
security,1,3.3795201081446433e-05
fischmesserread,1,3.3795201081446433e-05
buying,1,3.3795201081446433e-05
brought,1,3.3795201081446433e-05
actually,1,3.3795201081446433e-05
biting,1,3.3795201081446433e-05
beware,1,3.3795201081446433e-05
mermaids,1,3.3795201081446433e-05
gentle,1,3.3795201081446433e-05
determination,1,3.3795201081446433e-05
realize,1,3.3795201081446433e-05
wrists,1,3.3795201081446433e-05
stronger,1,3.3795201081446433e-05
needs,1,3.3795201081446433e-05
unconditional,1,3.3795201081446433e-05
outfits,1,3.3795201081446433e-05
winter,1,3.3795201081446433e-05
judging,1,3.3795201081446433e-05
fit,1,3.3795201081446433e-05
oneself,1,3.3795201081446433e-05
vergoldeter,1,3.3795201081446433e-05
chip,1,3.3795201081446433e-05
beschläge,1,3.3795201081446433e-05
dimensional,1,3.3795201081446433e-05
witty,1,3.3795201081446433e-05
thing,1,3.3795201081446433e-05
3cmx,1,3.3795201081446433e-05
925er,1,3.3795201081446433e-05
royal,1,3.3795201081446433e-05
6x,1,3.3795201081446433e-05
ed,1,3.3795201081446433e-05
ingenious,1,3.3795201081446433e-05
flea,1,3.3795201081446433e-05
opening,1,3.3795201081446433e-05
abalone,1,3.3795201081446433e-05
vergoldete,1,3.3795201081446433e-05
vintageteedose,1,3.3795201081446433e-05
originality,1,3.3795201081446433e-05
traces,1,3.3795201081446433e-05
scratches,1,3.3795201081446433e-05
aquamarine,1,3.3795201081446433e-05
asian,1,3.3795201081446433e-05
period,1,3.3795201081446433e-05
incidence,1,3.3795201081446433e-05
venice,1,3.3795201081446433e-05
waves,1,3.3795201081446433e-05
dreaming,1,3.3795201081446433e-05
decoration,1,3.3795201081446433e-05
floret,1,3.3795201081446433e-05
prints,1,3.3795201081446433e-05
salmon,1,3.3795201081446433e-05
fassung,1,3.3795201081446433e-05
blütenteile,1,3.3795201081446433e-05
beautify,1,3.3795201081446433e-05
weddings,1,3.3795201081446433e-05
festive,1,3.3795201081446433e-05
drinking,1,3.3795201081446433e-05
adjusted,1,3.3795201081446433e-05
replace,1,3.3795201081446433e-05
completes,1,3.3795201081446433e-05
entangled,1,3.3795201081446433e-05
become,1,3.3795201081446433e-05
curly,1,3.3795201081446433e-05
tong,1,3.3795201081446433e-05
colorfully,1,3.3795201081446433e-05
wings,1,3.3795201081446433e-05
underside,1,3.3795201081446433e-05
narrow,1,3.3795201081446433e-05
winding,1,3.3795201081446433e-05
scope,1,3.3795201081446433e-05
64,1,3.3795201081446433e-05
xl,1,3.3795201081446433e-05
fr,1,3.3795201081446433e-05
0the,1,3.3795201081446433e-05
usa,1,3.3795201081446433e-05
corresponds,1,3.3795201081446433e-05
lyrise,1,3.3795201081446433e-05
colourful,1,3.3795201081446433e-05
saw,1,3.3795201081446433e-05
7cmx2,1,3.3795201081446433e-05
innermost,1,3.3795201081446433e-05
houses,1,3.3795201081446433e-05
mysticjewelry,1,3.3795201081446433e-05
contains,1,3.3795201081446433e-05
facing,1,3.3795201081446433e-05
afterwards,1,3.3795201081446433e-05
adorn,1,3.3795201081446433e-05
solidly,1,3.3795201081446433e-05
sequins,1,3.3795201081446433e-05
slight,1,3.3795201081446433e-05
reinforced,1,3.3795201081446433e-05
cutleryof,1,3.3795201081446433e-05
engineer,1,3.3795201081446433e-05
brace,1,3.3795201081446433e-05
upcycling,1,3.3795201081446433e-05
ever,1,3.3795201081446433e-05
scissors,1,3.3795201081446433e-05
towes,1,3.3795201081446433e-05
caster,1,3.3795201081446433e-05
tongs,1,3.3795201081446433e-05
5cmx3,1,3.3795201081446433e-05
3cm,1,3.3795201081446433e-05
cutlerywhen,1,3.3795201081446433e-05
lasting,1,3.3795201081446433e-05
riveted,1,3.3795201081446433e-05
deviate,1,3.3795201081446433e-05
mistrust,1,3.3795201081446433e-05
camouflage,1,3.3795201081446433e-05
genital,1,3.3795201081446433e-05
vaux,1,3.3795201081446433e-05
fantastically,1,3.3795201081446433e-05
adipose,1,3.3795201081446433e-05
tissue,1,3.3795201081446433e-05
journal,1,3.3795201081446433e-05
glamour,1,3.3795201081446433e-05
trend,1,3.3795201081446433e-05
bone,1,3.3795201081446433e-05
elastic,1,3.3795201081446433e-05
selection,1,3.3795201081446433e-05
stretch,1,3.3795201081446433e-05
mmgold,1,3.3795201081446433e-05
earringsmade,1,3.3795201081446433e-05
2cmx,1,3.3795201081446433e-05
rainbowthis,1,3.3795201081446433e-05
sailboat,1,3.3795201081446433e-05
cabochonread,1,3.3795201081446433e-05
16767193the,1,3.3795201081446433e-05
warts,1,3.3795201081446433e-05
87,1,3.3795201081446433e-05
adjustableyou,1,3.3795201081446433e-05
jewelery,1,3.3795201081446433e-05
responsibility,1,3.3795201081446433e-05
1ring,1,3.3795201081446433e-05
shop_items_search_4,1,3.3795201081446433e-05
halskette,1,3.3795201081446433e-05
482368543,1,3.3795201081446433e-05
1short,1,3.3795201081446433e-05
shop_items_search_1,1,3.3795201081446433e-05
armreifen,1,3.3795201081446433e-05
schwarz,1,3.3795201081446433e-05
armreif,1,3.3795201081446433e-05
663620539,1,3.3795201081446433e-05
1bangle,1,3.3795201081446433e-05
shop_items_search_7,1,3.3795201081446433e-05
liver,1,3.3795201081446433e-05
acts,1,3.3795201081446433e-05
653262507,1,3.3795201081446433e-05
lange,1,3.3795201081446433e-05
shop_sugg,1,3.3795201081446433e-05
silberglas,1,3.3795201081446433e-05
glasscabochonthe,1,3.3795201081446433e-05
u56mmus,1,3.3795201081446433e-05
glascabochonsread,1,3.3795201081446433e-05
handgefertigte,1,3.3795201081446433e-05
haarnadel,1,3.3795201081446433e-05
beech,1,3.3795201081446433e-05
hold,1,3.3795201081446433e-05
turquois,1,3.3795201081446433e-05
earringswas,1,3.3795201081446433e-05
maritime,1,3.3795201081446433e-05
earringswere,1,3.3795201081446433e-05
runs,1,3.3795201081446433e-05
motifs,1,3.3795201081446433e-05
porcelain,1,3.3795201081446433e-05
maritim,1,3.3795201081446433e-05
hairpin,1,3.3795201081446433e-05
orchids,1,3.3795201081446433e-05
adhesivematching,1,3.3795201081446433e-05
graphic,1,3.3795201081446433e-05
5cmx0,1,3.3795201081446433e-05
morocco,1,3.3795201081446433e-05
polariscabochon,1,3.3795201081446433e-05
no18mm,1,3.3795201081446433e-05
messin,1,3.3795201081446433e-05
thuja,1,3.3795201081446433e-05
maser,1,3.3795201081446433e-05
cardboard,1,3.3795201081446433e-05
board,1,3.3795201081446433e-05
mmcabochon,1,3.3795201081446433e-05
homeearring,1,3.3795201081446433e-05
sounding,1,3.3795201081446433e-05
button,1,3.3795201081446433e-05
marrakech,1,3.3795201081446433e-05
earstuds,1,3.3795201081446433e-05
gemread,1,3.3795201081446433e-05
haar,1,3.3795201081446433e-05
exotic,1,3.3795201081446433e-05
wording,1,3.3795201081446433e-05
provide,1,3.3795201081446433e-05
stabilized,1,3.3795201081446433e-05
shop_items_search_5,1,3.3795201081446433e-05
cmsize,1,3.3795201081446433e-05
ban,1,3.3795201081446433e-05
workplace,1,3.3795201081446433e-05
easier,1,3.3795201081446433e-05
fosters,1,3.3795201081446433e-05
attaching,1,3.3795201081446433e-05
friendly,1,3.3795201081446433e-05
atmosphere,1,3.3795201081446433e-05
mutual,1,3.3795201081446433e-05
purpose,1,3.3795201081446433e-05
chunk,1,3.3795201081446433e-05
autumnally,1,3.3795201081446433e-05
charity,1,3.3795201081446433e-05
66,1,3.3795201081446433e-05
elderly,1,3.3795201081446433e-05
bed,1,3.3795201081446433e-05
better,1,3.3795201081446433e-05
exchanged,1,3.3795201081446433e-05
reproach,1,3.3795201081446433e-05
adorned,1,3.3795201081446433e-05
magnifying,1,3.3795201081446433e-05
thereafter,1,3.3795201081446433e-05
cosy,1,3.3795201081446433e-05
season,1,3.3795201081446433e-05
bend,1,3.3795201081446433e-05
strictest,1,3.3795201081446433e-05
fear,1,3.3795201081446433e-05
hatred,1,3.3795201081446433e-05
caresses,1,3.3795201081446433e-05
talk,1,3.3795201081446433e-05
handwork,1,3.3795201081446433e-05
resentment,1,3.3795201081446433e-05
dissolve,1,3.3795201081446433e-05
tail,1,3.3795201081446433e-05
pie,1,3.3795201081446433e-05
body,1,3.3795201081446433e-05
introduce,1,3.3795201081446433e-05
enable,1,3.3795201081446433e-05
forgiveness,1,3.3795201081446433e-05
löffelread,1,3.3795201081446433e-05
versilberter,1,3.3795201081446433e-05
differ,1,3.3795201081446433e-05
discard,1,3.3795201081446433e-05
unconscious,1,3.3795201081446433e-05
cake,1,3.3795201081446433e-05
strengthening,1,3.3795201081446433e-05
bridesmaids,1,3.3795201081446433e-05
gemstonethe,1,3.3795201081446433e-05
minimalistic,1,3.3795201081446433e-05
appear,1,3.3795201081446433e-05
ears,1,3.3795201081446433e-05
78,1,3.3795201081446433e-05
collarbone,1,3.3795201081446433e-05
extends,1,3.3795201081446433e-05
genuine,1,3.3795201081446433e-05
shop_home_active_13you,1,3.3795201081446433e-05
shop_home_active_21a,1,3.3795201081446433e-05
ohrstecker,1,3.3795201081446433e-05
schwarze,1,3.3795201081446433e-05
edle,1,3.3795201081446433e-05
222716610,1,3.3795201081446433e-05
nerves,1,3.3795201081446433e-05
centers,1,3.3795201081446433e-05
azelujos,1,3.3795201081446433e-05
supports,1,3.3795201081446433e-05
basis,1,3.3795201081446433e-05
collapse,1,3.3795201081446433e-05
conviction,1,3.3795201081446433e-05
surroundings,1,3.3795201081446433e-05
worth,1,3.3795201081446433e-05
hardly,1,3.3795201081446433e-05
even,1,3.3795201081446433e-05
begin,1,3.3795201081446433e-05
radiaesthetic,1,3.3795201081446433e-05
reviews,1,3.3795201081446433e-05
showed,1,3.3795201081446433e-05
positively,1,3.3795201081446433e-05
affects,1,3.3795201081446433e-05
particular,1,3.3795201081446433e-05
nervous,1,3.3795201081446433e-05
circulation,1,3.3795201081446433e-05
confirmed,1,3.3795201081446433e-05
manganese,1,3.3795201081446433e-05
nerve,1,3.3795201081446433e-05
goat,1,3.3795201081446433e-05
encapsulated,1,3.3795201081446433e-05
mmleaf,1,3.3795201081446433e-05
wedelling,1,3.3795201081446433e-05
quickly,1,3.3795201081446433e-05
developed,1,3.3795201081446433e-05
thereby,1,3.3795201081446433e-05
cordlength,1,3.3795201081446433e-05
hardcore,1,3.3795201081446433e-05
naturean,1,3.3795201081446433e-05
treassure,1,3.3795201081446433e-05
togglescustomisation,1,3.3795201081446433e-05
marking,1,3.3795201081446433e-05
weighteachwidth,1,3.3795201081446433e-05
toggles,1,3.3795201081446433e-05
provided,1,3.3795201081446433e-05
quadratic,1,3.3795201081446433e-05
marked,1,3.3795201081446433e-05
defenders,1,3.3795201081446433e-05
midfielders,1,3.3795201081446433e-05
strikers,1,3.3795201081446433e-05
18g,1,3.3795201081446433e-05
sportive,1,3.3795201081446433e-05
56mm,1,3.3795201081446433e-05
97,1,3.3795201081446433e-05
blossomdiameter,1,3.3795201081446433e-05
54mm,1,3.3795201081446433e-05
early,1,3.3795201081446433e-05
alone,1,3.3795201081446433e-05
walk,1,3.3795201081446433e-05
backpackers,1,3.3795201081446433e-05
jaunty,1,3.3795201081446433e-05
wanderlust,1,3.3795201081446433e-05
94g,1,3.3795201081446433e-05
105mm,1,3.3795201081446433e-05
weightdiameter,1,3.3795201081446433e-05
17g,1,3.3795201081446433e-05
bell,1,3.3795201081446433e-05
eight,1,3.3795201081446433e-05
zapfenstreich,1,3.3795201081446433e-05
526074372,1,3.3795201081446433e-05
tyrol,1,3.3795201081446433e-05
south,1,3.3795201081446433e-05
coneproduction,1,3.3795201081446433e-05
037,1,3.3795201081446433e-05
optionsa,1,3.3795201081446433e-05
174009572,1,3.3795201081446433e-05
lockproduction,1,3.3795201081446433e-05
glamorous,1,3.3795201081446433e-05
cords,1,3.3795201081446433e-05
knotted,1,3.3795201081446433e-05
glitterproduction,1,3.3795201081446433e-05
multi,1,3.3795201081446433e-05
mix,1,3.3795201081446433e-05
crownproduction,1,3.3795201081446433e-05
015lb,1,3.3795201081446433e-05
enchanted,1,3.3795201081446433e-05
crowns,1,3.3795201081446433e-05
13x13mm,1,3.3795201081446433e-05
show,1,3.3795201081446433e-05
cylindrical,1,3.3795201081446433e-05
coats,1,3.3795201081446433e-05
coronet,1,3.3795201081446433e-05
slopes,1,3.3795201081446433e-05
intercept,1,3.3795201081446433e-05
skierproduction,1,3.3795201081446433e-05
trousers,1,3.3795201081446433e-05
weightbeads,1,3.3795201081446433e-05
51x0,1,3.3795201081446433e-05
wayside,1,3.3795201081446433e-05
knights,1,3.3795201081446433e-05
ambush,1,3.3795201081446433e-05
je,1,3.3795201081446433e-05
91,1,3.3795201081446433e-05
23mm,1,3.3795201081446433e-05
attachment,1,3.3795201081446433e-05
scarf,1,3.3795201081446433e-05
pants,1,3.3795201081446433e-05
erik,1,3.3795201081446433e-05
pedal,1,3.3795201081446433e-05
30cm,1,3.3795201081446433e-05
biker,1,3.3795201081446433e-05
bicycle,1,3.3795201081446433e-05
ride,1,3.3795201081446433e-05
trickles,1,3.3795201081446433e-05
fortune,1,3.3795201081446433e-05
wheel,1,3.3795201081446433e-05
braceletcustomisation,1,3.3795201081446433e-05
paracute,1,3.3795201081446433e-05
hikes,1,3.3795201081446433e-05
alpinist,1,3.3795201081446433e-05
507939247,1,3.3795201081446433e-05
hunt,1,3.3795201081446433e-05
ructious,1,3.3795201081446433e-05
kurt,1,3.3795201081446433e-05
offensive,1,3.3795201081446433e-05
position,1,3.3795201081446433e-05
tell,1,3.3795201081446433e-05
specific,1,3.3795201081446433e-05
deerproduction,1,3.3795201081446433e-05
mmtotal,1,3.3795201081446433e-05
dawn,1,3.3795201081446433e-05
flying,1,3.3795201081446433e-05
ringshttps,1,3.3795201081446433e-05
159804518,1,3.3795201081446433e-05
hirsch,1,3.3795201081446433e-05
einemhttps,1,3.3795201081446433e-05
162984232,1,3.3795201081446433e-05
zunftiger,1,3.3795201081446433e-05
variant,1,3.3795201081446433e-05
zweihttps,1,3.3795201081446433e-05
bit,1,3.3795201081446433e-05
regardless,1,3.3795201081446433e-05
zwei,1,3.3795201081446433e-05
cuff,1,3.3795201081446433e-05
motivating,1,3.3795201081446433e-05
regular,1,3.3795201081446433e-05
corona,1,3.3795201081446433e-05
unfortunately,1,3.3795201081446433e-05
words,1,3.3795201081446433e-05
lettering,1,3.3795201081446433e-05
written,1,3.3795201081446433e-05
beside,1,3.3795201081446433e-05
difference,1,3.3795201081446433e-05
agaric,1,3.3795201081446433e-05
refund,1,3.3795201081446433e-05
mmwithin,1,3.3795201081446433e-05
weightaboutwidth,1,3.3795201081446433e-05
pencilproduction,1,3.3795201081446433e-05
shapes,1,3.3795201081446433e-05
quantities,1,3.3795201081446433e-05
writing,1,3.3795201081446433e-05
pictures,1,3.3795201081446433e-05
150244676,1,3.3795201081446433e-05
b,1,3.3795201081446433e-05
dad,1,3.3795201081446433e-05
waylay,1,3.3795201081446433e-05
fredo,1,3.3795201081446433e-05
frida,1,3.3795201081446433e-05
figuren,1,3.3795201081446433e-05
bergsteiger,1,3.3795201081446433e-05
fesche,1,3.3795201081446433e-05
gipfelsturmer,1,3.3795201081446433e-05
521584253,1,3.3795201081446433e-05
trail,1,3.3795201081446433e-05
40mm,1,3.3795201081446433e-05
christbaumkugel,1,3.3795201081446433e-05
figures,1,3.3795201081446433e-05
rabbit,1,3.3795201081446433e-05
hat,1,3.3795201081446433e-05
knickerbockers,1,3.3795201081446433e-05
backpack,1,3.3795201081446433e-05
equipped,1,3.3795201081446433e-05
penguinsproduction,1,3.3795201081446433e-05
dressed,1,3.3795201081446433e-05
waddle,1,3.3795201081446433e-05
icy,1,3.3795201081446433e-05
gals,1,3.3795201081446433e-05
sheepsproduction,1,3.3795201081446433e-05
browse,1,3.3795201081446433e-05
fanni,1,3.3795201081446433e-05
hanni,1,3.3795201081446433e-05
default,1,3.3795201081446433e-05
opposite,1,3.3795201081446433e-05
hangers,1,3.3795201081446433e-05
sturdy,1,3.3795201081446433e-05
cmwith,1,3.3795201081446433e-05
tough,1,3.3795201081446433e-05
bauble,1,3.3795201081446433e-05
167562770,1,3.3795201081446433e-05
bockiges,1,3.3795201081446433e-05
80,1,3.3795201081446433e-05
mahdel,1,3.3795201081446433e-05
schafe,1,3.3795201081446433e-05
polar,1,3.3795201081446433e-05
suit,1,3.3795201081446433e-05
wearer,1,3.3795201081446433e-05
downhill,1,3.3795201081446433e-05
toni,1,3.3795201081446433e-05
diameterglass,1,3.3795201081446433e-05
valley,1,3.3795201081446433e-05
john,1,3.3795201081446433e-05
drummer,1,3.3795201081446433e-05
babs,1,3.3795201081446433e-05
singer,1,3.3795201081446433e-05
jim,1,3.3795201081446433e-05
guitarist,1,3.3795201081446433e-05
tony,1,3.3795201081446433e-05
keyborder,1,3.3795201081446433e-05
swipe,1,3.3795201081446433e-05
ensemble,1,3.3795201081446433e-05
hit,1,3.3795201081446433e-05
barnstorming,1,3.3795201081446433e-05
plays,1,3.3795201081446433e-05
melody,1,3.3795201081446433e-05
quartet,1,3.3795201081446433e-05
stage,1,3.3795201081446433e-05
concertgoers,1,3.3795201081446433e-05
virtuosos,1,3.3795201081446433e-05
composers,1,3.3795201081446433e-05
fans,1,3.3795201081446433e-05
audience,1,3.3795201081446433e-05
sing,1,3.3795201081446433e-05
thorna,1,3.3795201081446433e-05
dicke,1,3.3795201081446433e-05
ringcustomisation,1,3.3795201081446433e-05
länge,1,3.3795201081446433e-05
150628873,1,3.3795201081446433e-05
45mm,1,3.3795201081446433e-05
lbpendant,1,3.3795201081446433e-05
mithttps,1,3.3795201081446433e-05
171737850,1,3.3795201081446433e-05
treasures,1,3.3795201081446433e-05
song,1,3.3795201081446433e-05
build,1,3.3795201081446433e-05
lb1x,1,3.3795201081446433e-05
2interior,1,3.3795201081446433e-05
30mm,1,3.3795201081446433e-05
thornsproduction,1,3.3795201081446433e-05
front,1,3.3795201081446433e-05
hall,1,3.3795201081446433e-05
loudly,1,3.3795201081446433e-05
pop,1,3.3795201081446433e-05
musicians,1,3.3795201081446433e-05
fulminant,1,3.3795201081446433e-05
emerges,1,3.3795201081446433e-05
stitched,1,3.3795201081446433e-05
enlaced,1,3.3795201081446433e-05
optionsother,1,3.3795201081446433e-05
gießharz,1,3.3795201081446433e-05
origamipapier,1,3.3795201081446433e-05
kunstharz,1,3.3795201081446433e-05
weißgold,1,3.3795201081446433e-05
dandelionlovely,1,3.3795201081446433e-05
blossoms,1,3.3795201081446433e-05
needle,1,3.3795201081446433e-05
viewing,1,3.3795201081446433e-05
allways,1,3.3795201081446433e-05
weightblossom,1,3.3795201081446433e-05
15mm,1,3.3795201081446433e-05
polyester,1,3.3795201081446433e-05
172740944,1,3.3795201081446433e-05
46mm,1,3.3795201081446433e-05
81,1,3.3795201081446433e-05
knit,1,3.3795201081446433e-05
apart,1,3.3795201081446433e-05
music,1,3.3795201081446433e-05
169346959,1,3.3795201081446433e-05
159145757,1,3.3795201081446433e-05
daily,1,3.3795201081446433e-05
live,1,3.3795201081446433e-05
musician,1,3.3795201081446433e-05
class,1,3.3795201081446433e-05
soundcheck,1,3.3795201081446433e-05
aussergewohnliche,1,3.3795201081446433e-05
strickzeug,1,3.3795201081446433e-05
woolproduction,1,3.3795201081446433e-05
571409350,1,3.3795201081446433e-05
weightapproximatelyring,1,3.3795201081446433e-05
2diameter,1,3.3795201081446433e-05
73,1,3.3795201081446433e-05
44mm,1,3.3795201081446433e-05
owner,1,3.3795201081446433e-05
25mm,1,3.3795201081446433e-05
buttons,1,3.3795201081446433e-05
83,1,3.3795201081446433e-05
gewicht,1,3.3795201081446433e-05
wireproduction,1,3.3795201081446433e-05
bond,1,3.3795201081446433e-05
patternproduction,1,3.3795201081446433e-05
tailoresses,1,3.3795201081446433e-05
16mm,1,3.3795201081446433e-05
pour,1,3.3795201081446433e-05
coatings,1,3.3795201081446433e-05
197843215,1,3.3795201081446433e-05
supplies,1,3.3795201081446433e-05
farbtrio,1,3.3795201081446433e-05
schlichte,1,3.3795201081446433e-05
dreifarbige,1,3.3795201081446433e-05
stick,1,3.3795201081446433e-05
shalima,1,3.3795201081446433e-05
sneaks,1,3.3795201081446433e-05
safari,1,3.3795201081446433e-05
adventurous,1,3.3795201081446433e-05
fever,1,3.3795201081446433e-05
jungle,1,3.3795201081446433e-05
winged,1,3.3795201081446433e-05
park,1,3.3795201081446433e-05
underlayed,1,3.3795201081446433e-05
head,1,3.3795201081446433e-05
puple,1,3.3795201081446433e-05
kdiameter,1,3.3795201081446433e-05
rapidly,1,3.3795201081446433e-05
carve,1,3.3795201081446433e-05
bunnya,1,3.3795201081446433e-05
fun,1,3.3795201081446433e-05
après,1,3.3795201081446433e-05
slope,1,3.3795201081446433e-05
sporty,1,3.3795201081446433e-05
bunny,1,3.3795201081446433e-05
cranea,1,3.3795201081446433e-05
fastenerproduction,1,3.3795201081446433e-05
nahutensilien,1,3.3795201081446433e-05
nahkastchen,1,3.3795201081446433e-05
541476320,1,3.3795201081446433e-05
aussergewohnlicherthis,1,3.3795201081446433e-05
nadelkissen,1,3.3795201081446433e-05
174288523,1,3.3795201081446433e-05
ringhttps,1,3.3795201081446433e-05
plunder,1,3.3795201081446433e-05
seven,1,3.3795201081446433e-05
flutter,1,3.3795201081446433e-05
gather,1,3.3795201081446433e-05
photos,1,3.3795201081446433e-05
perls,1,3.3795201081446433e-05
leafproduction,1,3.3795201081446433e-05
551,1,3.3795201081446433e-05
39mm,1,3.3795201081446433e-05
breaks,1,3.3795201081446433e-05
closurecustomisation,1,3.3795201081446433e-05
six,1,3.3795201081446433e-05
typea,1,3.3795201081446433e-05
2mm,1,3.3795201081446433e-05
1mm,1,3.3795201081446433e-05
08,1,3.3795201081446433e-05
044,1,3.3795201081446433e-05
033,1,3.3795201081446433e-05
20g,1,3.3795201081446433e-05
15g,1,3.3795201081446433e-05
ringring,1,3.3795201081446433e-05
weightdandeliondiameter,1,3.3795201081446433e-05
whopper,1,3.3795201081446433e-05
remarkable,1,3.3795201081446433e-05
100cm,1,3.3795201081446433e-05
triangle,1,3.3795201081446433e-05
secured,1,3.3795201081446433e-05
eyelets,1,3.3795201081446433e-05
semicircle,1,3.3795201081446433e-05
bevelled,1,3.3795201081446433e-05
weightcuboid,1,3.3795201081446433e-05
creates,1,3.3795201081446433e-05
butterfliesproduction,1,3.3795201081446433e-05
019,1,3.3795201081446433e-05
leisurely,1,3.3795201081446433e-05
marches,1,3.3795201081446433e-05
114mm,1,3.3795201081446433e-05
gretel,1,3.3795201081446433e-05
repeat,1,3.3795201081446433e-05
turtles,1,3.3795201081446433e-05
eat,1,3.3795201081446433e-05
weightpearl,1,3.3795201081446433e-05
moonstone,1,3.3795201081446433e-05
47g,1,3.3795201081446433e-05
31mm,1,3.3795201081446433e-05
current,1,3.3795201081446433e-05
swinging,1,3.3795201081446433e-05
handlettering,1,3.3795201081446433e-05
inform,1,3.3795201081446433e-05
auswahl,1,3.3795201081446433e-05
andere,1,3.3795201081446433e-05
angeben,1,3.3795201081446433e-05
nach,1,3.3795201081446433e-05
per,1,3.3795201081446433e-05
frag,1,3.3795201081446433e-05
dabei,1,3.3795201081446433e-05
wunschgröße,1,3.3795201081446433e-05
locketsize,1,3.3795201081446433e-05
individualisierungsoptionen,1,3.3795201081446433e-05
51х28,1,3.3795201081446433e-05
2x1,1,3.3795201081446433e-05
steelchain,1,3.3795201081446433e-05
worry,1,3.3795201081446433e-05
wishes,1,3.3795201081446433e-05
größenangaben,1,3.3795201081446433e-05
perlenfaden,1,3.3795201081446433e-05
kunststoffperlen,1,3.3795201081446433e-05
seaweed,1,3.3795201081446433e-05
geburtssteine,1,3.3795201081446433e-05
karabiner,1,3.3795201081446433e-05
als,1,3.3795201081446433e-05
warenkorb,1,3.3795201081446433e-05
rechts,1,3.3795201081446433e-05
ende,1,3.3795201081446433e-05
unteren,1,3.3795201081446433e-05
versteckt,1,3.3795201081446433e-05
leicht,1,3.3795201081446433e-05
elder,1,3.3795201081446433e-05
findest,1,3.3795201081446433e-05
dieses,1,3.3795201081446433e-05
components,1,3.3795201081446433e-05
stack,1,3.3795201081446433e-05
versandoption,1,3.3795201081446433e-05
versandoptionen,1,3.3795201081446433e-05
gefädelt,1,3.3795201081446433e-05
montiert,1,3.3795201081446433e-05
herstellungsart,1,3.3795201081446433e-05
fotos,1,3.3795201081446433e-05
armketten,1,3.3795201081446433e-05
zusätzlichen,1,3.3795201081446433e-05
zircon,1,3.3795201081446433e-05
anniversary,1,3.3795201081446433e-05
geschlossen,1,3.3795201081446433e-05
rutilquarznegative,1,3.3795201081446433e-05
brauner,1,3.3795201081446433e-05
tigerauge,1,3.3795201081446433e-05
goldtopas,1,3.3795201081446433e-05
conveys,1,3.3795201081446433e-05
citrin,1,3.3795201081446433e-05
löwe,1,3.3795201081446433e-05
calcit,1,3.3795201081446433e-05
symbols,1,3.3795201081446433e-05
mondstein,1,3.3795201081446433e-05
gelbe,1,3.3795201081446433e-05
tigeraugekrebs,1,3.3795201081446433e-05
fluoritnegative,1,3.3795201081446433e-05
represent,1,3.3795201081446433e-05
topas,1,3.3795201081446433e-05
moosachat,1,3.3795201081446433e-05
constancy,1,3.3795201081446433e-05
moosachatzwillinge,1,3.3795201081446433e-05
devotion,1,3.3795201081446433e-05
jungfrau,1,3.3795201081446433e-05
15gdiameter,1,3.3795201081446433e-05
wife,1,3.3795201081446433e-05
sodalit,1,3.3795201081446433e-05
karabinerverschluss,1,3.3795201081446433e-05
wahlweise,1,3.3795201081446433e-05
wird,1,3.3795201081446433e-05
das,1,3.3795201081446433e-05
azurit,1,3.3795201081446433e-05
dolomit,1,3.3795201081446433e-05
larimar,1,3.3795201081446433e-05
saphir,1,3.3795201081446433e-05
apatit,1,3.3795201081446433e-05
rutilquarz,1,3.3795201081446433e-05
schütze,1,3.3795201081446433e-05
skorpion,1,3.3795201081446433e-05
peridotnegative,1,3.3795201081446433e-05
china,1,3.3795201081446433e-05
smaragd,1,3.3795201081446433e-05
waage,1,3.3795201081446433e-05
rubellit,1,3.3795201081446433e-05
charoit,1,3.3795201081446433e-05
bestellung,1,3.3795201081446433e-05
empfehle,1,3.3795201081446433e-05
immer,1,3.3795201081446433e-05
potionall,1,3.3795201081446433e-05
siver,1,3.3795201081446433e-05
9x9,1,3.3795201081446433e-05
mixed,1,3.3795201081446433e-05
compatible,1,3.3795201081446433e-05
35х0,1,3.3795201081446433e-05
35inches,1,3.3795201081446433e-05
letters,1,3.3795201081446433e-05
obtained,1,3.3795201081446433e-05
piston,1,3.3795201081446433e-05
______________________________________________________all,1,3.3795201081446433e-05
twig,1,3.3795201081446433e-05
juice,1,3.3795201081446433e-05
manticore,1,3.3795201081446433e-05
inifinity,1,3.3795201081446433e-05
manticor,1,3.3795201081446433e-05
liquid,1,3.3795201081446433e-05
corpse,1,3.3795201081446433e-05
depicting,1,3.3795201081446433e-05
stailness,1,3.3795201081446433e-05
scorpio,1,3.3795201081446433e-05
clearing,1,3.3795201081446433e-05
celestial,1,3.3795201081446433e-05
lens,1,3.3795201081446433e-05
stacking,1,3.3795201081446433e-05
twice,1,3.3795201081446433e-05
solver,1,3.3795201081446433e-05
sugar,1,3.3795201081446433e-05
hyacinth,1,3.3795201081446433e-05
firebuckberry,1,3.3795201081446433e-05
foxes,1,3.3795201081446433e-05
circle,1,3.3795201081446433e-05
libra,1,3.3795201081446433e-05
18x20,1,3.3795201081446433e-05
horoscope,1,3.3795201081446433e-05
chosen,1,3.3795201081446433e-05
tendril,1,3.3795201081446433e-05
formed,1,3.3795201081446433e-05
marbled,1,3.3795201081446433e-05
virgo,1,3.3795201081446433e-05
magic,1,3.3795201081446433e-05
adorns,1,3.3795201081446433e-05
neon,1,3.3795201081446433e-05
versicherten,1,3.3795201081446433e-05
anfallen,1,3.3795201081446433e-05
close,1,3.3795201081446433e-05
shopbeschreibung,1,3.3795201081446433e-05
einfach,1,3.3795201081446433e-05
schau,1,3.3795201081446433e-05
auswählen,1,3.3795201081446433e-05
beim,1,3.3795201081446433e-05
hilfe,1,3.3795201081446433e-05
_______________________________________________________benötigst,1,3.3795201081446433e-05
einfuhrsteuern,1,3.3795201081446433e-05
erkläre,1,3.3795201081446433e-05
comprises,1,3.3795201081446433e-05
kaufpreis,1,3.3795201081446433e-05
dem,1,3.3795201081446433e-05
neben,1,3.3795201081446433e-05
können,1,3.3795201081446433e-05
länder,1,3.3795201081446433e-05
lieferung,1,3.3795201081446433e-05
versand,1,3.3795201081446433e-05
dort,1,3.3795201081446433e-05
dir,1,3.3795201081446433e-05
007,1,3.3795201081446433e-05
warenwert,1,3.3795201081446433e-05
rabatt,1,3.3795201081446433e-05
den,1,3.3795201081446433e-05
hierfür,1,3.3795201081446433e-05
benutze,1,3.3795201081446433e-05
weltweit,1,3.3795201081446433e-05
versandkostenfrei,1,3.3795201081446433e-05
versende,1,3.3795201081446433e-05
woods,1,3.3795201081446433e-05
einkauf,1,3.3795201081446433e-05
wie,1,3.3795201081446433e-05
_______________________________________________________bei,1,3.3795201081446433e-05
kontaktieren,1,3.3795201081446433e-05
mich,1,3.3795201081446433e-05
kannst,1,3.3795201081446433e-05
bist,1,3.3795201081446433e-05
unsicher,1,3.3795201081446433e-05
wenn,1,3.3795201081446433e-05
bestimmst,1,3.3795201081446433e-05
lager,1,3.3795201081446433e-05
auf,1,3.3795201081446433e-05
summing,1,3.3795201081446433e-05
tan,1,3.3795201081446433e-05
euros,1,3.3795201081446433e-05
discuss,1,3.3795201081446433e-05
rest,1,3.3795201081446433e-05
months,1,3.3795201081446433e-05
braiding,1,3.3795201081446433e-05
blumenread,1,3.3795201081446433e-05
598711403,1,3.3795201081446433e-05
shop_home_active_3and,1,3.3795201081446433e-05
mustard,1,3.3795201081446433e-05
next,1,3.3795201081446433e-05
aubergine,1,3.3795201081446433e-05
bordeaux,1,3.3795201081446433e-05
wine,1,3.3795201081446433e-05
595892087,1,3.3795201081446433e-05
related,1,3.3795201081446433e-05
adaptable,1,3.3795201081446433e-05
7part,1,3.3795201081446433e-05
victorian,1,3.3795201081446433e-05
express,1,3.3795201081446433e-05
pack,1,3.3795201081446433e-05
awards,1,3.3795201081446433e-05
joy,1,3.3795201081446433e-05
compositions,1,3.3795201081446433e-05
windfrogs,1,3.3795201081446433e-05
sunlight,1,3.3795201081446433e-05
store,1,3.3795201081446433e-05
yellowish,1,3.3795201081446433e-05
wind,1,3.3795201081446433e-05
sonnensteinread,1,3.3795201081446433e-05
bring,1,3.3795201081446433e-05
cavities,1,3.3795201081446433e-05
bags,1,3.3795201081446433e-05
professionally,1,3.3795201081446433e-05
quiet,1,3.3795201081446433e-05
according,1,3.3795201081446433e-05
ideas,1,3.3795201081446433e-05
veil,1,3.3795201081446433e-05
fragile,1,3.3795201081446433e-05
ostriches,1,3.3795201081446433e-05
washcloths,1,3.3795201081446433e-05
menuglass,1,3.3795201081446433e-05
finalist,1,3.3795201081446433e-05
getrocknete,1,3.3795201081446433e-05
flights,1,3.3795201081446433e-05
german,1,3.3795201081446433e-05
site,1,3.3795201081446433e-05
float,1,3.3795201081446433e-05
english,1,3.3795201081446433e-05
fright,1,3.3795201081446433e-05
parcels,1,3.3795201081446433e-05
prices,1,3.3795201081446433e-05
news,1,3.3795201081446433e-05
passenger,1,3.3795201081446433e-05
office,1,3.3795201081446433e-05
refunded,1,3.3795201081446433e-05
list,1,3.3795201081446433e-05
accepted,1,3.3795201081446433e-05
mossproduction,1,3.3795201081446433e-05
dhl,1,3.3795201081446433e-05
belongs,1,3.3795201081446433e-05
calligraphic,1,3.3795201081446433e-05
dm,1,3.3795201081446433e-05
post,1,3.3795201081446433e-05
lists,1,3.3795201081446433e-05
fraying,1,3.3795201081446433e-05
compliments,1,3.3795201081446433e-05
protect,1,3.3795201081446433e-05
seal,1,3.3795201081446433e-05
lighter,1,3.3795201081446433e-05
lower,1,3.3795201081446433e-05
briefly,1,3.3795201081446433e-05
aquarium,1,3.3795201081446433e-05
adjust,1,3.3795201081446433e-05
pull,1,3.3795201081446433e-05
aquariums,1,3.3795201081446433e-05
fito,1,3.3795201081446433e-05
flip,1,3.3795201081446433e-05
fin,1,3.3795201081446433e-05
fridolin,1,3.3795201081446433e-05
html,1,3.3795201081446433e-05
coronavirus,1,3.3795201081446433e-05
fibi,1,3.3795201081446433e-05
deutschepost,1,3.3795201081446433e-05
availability,1,3.3795201081446433e-05
picked,1,3.3795201081446433e-05
buschwindröschen,1,3.3795201081446433e-05
advantage,1,3.3795201081446433e-05
measures,1,3.3795201081446433e-05
pet,1,3.3795201081446433e-05
727886567,1,3.3795201081446433e-05
shop_home_active_4,1,3.3795201081446433e-05
pro,1,3.3795201081446433e-05
mothers,1,3.3795201081446433e-05
personalised,1,3.3795201081446433e-05
wassermann,1,3.3795201081446433e-05
dumortierit,1,3.3795201081446433e-05
schwarzer,1,3.3795201081446433e-05
blauer,1,3.3795201081446433e-05
stackable,1,3.3795201081446433e-05
sonnenstein,1,3.3795201081446433e-05
times,1,3.3795201081446433e-05
eager,1,3.3795201081446433e-05
onyx,1,3.3795201081446433e-05
degree,1,3.3795201081446433e-05
something,1,3.3795201081446433e-05
unconventional,1,3.3795201081446433e-05
smoke,1,3.3795201081446433e-05
topasnegative,1,3.3795201081446433e-05
amaze,1,3.3795201081446433e-05
feueropal,1,3.3795201081446433e-05
refresh,1,3.3795201081446433e-05
outlook,1,3.3795201081446433e-05
stier,1,3.3795201081446433e-05
tigereisen,1,3.3795201081446433e-05
rhodochrositnegative,1,3.3795201081446433e-05
femininity,1,3.3795201081446433e-05
break,1,3.3795201081446433e-05
monogram,1,3.3795201081446433e-05
morganitwidder,1,3.3795201081446433e-05
magnesit,1,3.3795201081446433e-05
initation,1,3.3795201081446433e-05
moldavit,1,3.3795201081446433e-05
absolutely,1,3.3795201081446433e-05
rosa,1,3.3795201081446433e-05
fische,1,3.3795201081446433e-05
holz,1,3.3795201081446433e-05
versteinertes,1,3.3795201081446433e-05
argonit,1,3.3795201081446433e-05
treat,1,3.3795201081446433e-05
terraruim,1,3.3795201081446433e-05
leavesread,1,3.3795201081446433e-05
zu,1,3.3795201081446433e-05
erfahre,1,3.3795201081446433e-05
aufklappen,1,3.3795201081446433e-05
artikelbeschreibung,1,3.3795201081446433e-05
fresh,1,3.3795201081446433e-05
bees,1,3.3795201081446433e-05
individualisierung,1,3.3795201081446433e-05
guarantee,1,3.3795201081446433e-05
differences,1,3.3795201081446433e-05
upon,1,3.3795201081446433e-05
über,1,3.3795201081446433e-05
informationen,1,3.3795201081446433e-05
receipt,1,3.3795201081446433e-05
für,1,3.3795201081446433e-05
versilbert,1,3.3795201081446433e-05
payment,1,3.3795201081446433e-05
faster,1,3.3795201081446433e-05
accommodate,1,3.3795201081446433e-05
flame,1,3.3795201081446433e-05
mehr,1,3.3795201081446433e-05
diesen,1,3.3795201081446433e-05
steinbock,1,3.3795201081446433e-05
von,1,3.3795201081446433e-05
da,1,3.3795201081446433e-05
wha,1,3.3795201081446433e-05
anything,1,3.3795201081446433e-05
create,1,3.3795201081446433e-05
compliment,1,3.3795201081446433e-05
steine,1,3.3795201081446433e-05
geburtssteinen,1,3.3795201081446433e-05
passenden,1,3.3795201081446433e-05
unterbrochen,1,3.3795201081446433e-05
süßes,1,3.3795201081446433e-05
werden,1,3.3795201081446433e-05
magnets,1,3.3795201081446433e-05
mitte,1,3.3795201081446433e-05
bloom,1,3.3795201081446433e-05
würfel,1,3.3795201081446433e-05
weißen,1,3.3795201081446433e-05
creations,1,3.3795201081446433e-05
complements,1,3.3795201081446433e-05
hookscustomisation,1,3.3795201081446433e-05
